,,NO2 Mean,O3 Mean,SO2 Mean,CO Mean
,,mean,mean,mean,mean
State,Year,,,,
Alabama,2013,12.065634967741929,0.012098838709677423,0.750311306451613,0.2110068870967743
Alabama,2014,9.411745809286877,0.02466014925373136,1.1865171293532364,0.20592147014925288
Alabama,2015,9.07858020666667,0.023999966666666726,1.0094290199999982,0.2210266799999999
Alabama,2016,9.524873194630876,0.02834774496644293,0.8351175503355704,0.20951413758389284
Alaska,2014,11.658509608938544,0.010306575418994405,5.951531268156425,0.4554438687150833
Alaska,2015,11.116588599364084,0.014217632750397495,6.159010971383146,0.40522124642289253
Arizona,2000,26.4875015898749,0.023655243458475476,2.303225737485779,0.7457559050056874
Arizona,2001,22.744723428650186,0.021628452341597812,1.6666013479338941,0.6494715399449045
Arizona,2002,23.66505389030465,0.02280311800554023,1.8739165972299237,0.7059283905817193
Arizona,2003,23.101151234109473,0.022508490874764073,1.7997748955317772,0.6320114373820025
Arizona,2004,20.134377321929353,0.022614381940549554,1.6263508345485067,0.5099600302860336
Arizona,2005,21.36010921302395,0.02373842777970206,1.8447992755455445,0.6180882324211989
Arizona,2006,20.83468996254551,0.025204010938018037,1.6886411234670213,0.5556812651640682
Arizona,2007,19.33019939116848,0.02424744314185222,1.5204083163345092,0.5085927811645153
Arizona,2008,18.250667084563233,0.025574177901874728,1.4573806352213832,0.42536256162744757
Arizona,2009,17.156288054842513,0.025385165694282424,1.1760773072734434,0.4229032220925722
Arizona,2010,15.916711955832406,0.025903456398640896,1.0470331247640592,0.3651679909399791
Arizona,2011,16.615336006730196,0.02681297588334258,0.7759248839035352,0.34342516993830313
Arizona,2012,17.831803367357796,0.026512629984050996,0.9130017448165904,0.3425981073896855
Arizona,2013,15.479527667006144,0.02797265885947041,0.7163671771894103,0.3208922123217884
Arizona,2014,16.112343223624414,0.02655903230691562,0.9237102094901574,0.4052679432104998
Arizona,2015,12.704995142294454,0.028143850812407632,0.5848484662727682,0.35564492959133537
Arizona,2016,15.811195011764726,0.02213734705882358,0.39592719117647024,0.46828980588235236
Arkansas,2007,10.781744733516485,0.024740642857142864,3.1604945961538498,0.5890610879120879
Arkansas,2008,8.991394928961755,0.024889740437158452,1.7602098210382515,0.4434350423497267
Arkansas,2009,9.14633706027397,0.024487189041095966,1.7323654520547942,0.4232853123287671
Arkansas,2010,10.004748837499944,0.027649920138888614,1.2924943253472232,0.45463375972222153
Arkansas,2011,9.98213381095891,0.02746128219178089,1.365532535616438,0.44712672465753234
Arkansas,2012,10.568827552289793,0.0278839234449761,1.3046150054682102,0.4673621572112126
Arkansas,2013,9.791679257534282,0.025577408219178012,1.2992415363013696,0.3844125212328744
Arkansas,2014,8.86205075616437,0.023851506849315203,1.141635815753429,0.34699206438356056
Arkansas,2015,8.61283287087911,0.024334931318681283,1.1102464903846148,0.3060225576923078
Arkansas,2016,8.661112791208799,0.026009593406593378,0.6637995109890118,0.32207300549450524
California,2000,17.580989015234316,0.023674722391491907,1.7210038055475587,0.6444877458752366
California,2001,17.76082217022577,0.024844303941323666,1.8136710187528196,0.6221486183606075
California,2002,16.755127907428733,0.026342203739853964,1.625931129250981,0.6017906458697225
California,2003,15.794641777253213,0.02564763969830171,1.495033444598184,0.5753787833848628
California,2004,15.151140976660171,0.025978691258689263,1.8278402307054915,0.517947119656862
California,2005,13.965664211497598,0.02511942063080237,1.65303376731241,0.459535088594836
California,2006,14.016458760277258,0.02627356637504775,1.3833036514029582,0.4444205270211021
California,2007,13.076023342493592,0.026670198052911886,1.2164233821363641,0.4160350642916818
California,2008,12.97735773573428,0.026976376492373205,1.0952821892695104,0.39069309380634915
California,2009,12.873185457535039,0.026156712549019343,1.0069486883473133,0.3940149488235373
California,2010,12.247269078098636,0.025668665222623233,0.7208656165764081,0.34474677701565426
California,2011,12.282851511251994,0.026144162826749674,0.7093256436627976,0.36051700988936897
California,2012,11.071265311824607,0.026872414714095096,0.600589553963815,0.3369246061066023
California,2013,11.761860724790708,0.026072653657175128,0.4755547519821278,0.35512916479621126
California,2014,10.883953002053492,0.02695688012673803,0.4919950374640483,0.34446319368657213
California,2015,10.269061512879755,0.02755119085317573,0.4586483399001213,0.33313140009744735
California,2016,8.101743924363591,0.025300942909090893,0.6012758643636374,0.36043597018181706
Colorado,2000,14.90246898904114,0.01706601643835616,2.1380578726027406,0.6113879547945195
Colorado,2001,25.78340071651082,0.016376249221183827,2.4376980186915893,0.6275631869158875
Colorado,2002,19.769313209944677,0.020604186003683182,2.2467810911602215,0.49926212154696176
Colorado,2003,21.073078467874765,0.01941373476112027,1.9633121663920954,0.5496916886326184
Colorado,2004,21.64520825072887,0.01720207288629745,1.8985486778425675,0.6168473294460645
Colorado,2005,24.17658178731699,0.018818469268292778,1.930438374634143,0.6175001887804884
Colorado,2006,24.644735138629244,0.020494109034267887,2.0845535038940817,0.5716930319314657
Colorado,2007,23.835024832137712,0.02169165853658542,1.9193284670014295,0.5494412539454796
Colorado,2008,19.080972470910375,0.02560883025325131,1.860228203969885,0.40550120328542166
Colorado,2009,14.230846937499981,0.026782818749999916,1.37065658125,0.3553863062499992
Colorado,2010,16.171137841981164,0.02295454952830189,1.0280904292452844,0.3656964410377362
Colorado,2011,17.526490973312406,0.02784538775510203,1.4074937598116153,0.3329829733124021
Colorado,2012,20.320903629032216,0.026317186950146516,1.3363450868768325,0.3705979065249274
Colorado,2013,14.342691029523749,0.02870908857142869,1.0601894347619039,0.3070368166666653
Colorado,2014,16.904157374855476,0.02725939865957939,0.942433379015481,0.31847267529465995
Colorado,2015,20.03914544487049,0.02445096596356662,1.0342656627516797,0.3897590685522526
Colorado,2016,23.6238202862453,0.020989141263940556,1.0044201747211907,0.4515239535315982
Connecticut,2006,17.444166465116286,0.02608601744186048,3.1960970348837163,0.4777570348837203
Connecticut,2007,12.61999465427514,0.029019812267657968,1.7516646802973987,0.3156575752788091
Connecticut,2008,10.542381460301486,0.02608435879396989,1.249225908542713,0.34389121306532666
Connecticut,2009,10.860680024156354,0.023763089165186376,1.4085442401420964,0.31364586500888375
Connecticut,2010,9.739028127340847,0.027474275905118757,0.9496234843945063,0.2799570967540603
Connecticut,2011,8.533361105362191,0.02897121872060223,0.9024359614299169,0.2212534435559754
Connecticut,2012,7.276309031775712,0.030193727102803797,0.6422347060747678,0.21340810654205838
Connecticut,2013,7.411335839067684,0.03119489900110995,0.5516750998890133,0.20313938845727034
Connecticut,2014,7.237452216247146,0.030385449656750472,0.5732451773455378,0.20223465160183132
Connecticut,2015,8.045103610660497,0.031103356894554113,0.3656384501738124,0.21542820741599128
Country Of Mexico,2006,20.451521242842112,0.023011423117709713,1.5970209262990471,0.8920294862142123
Country Of Mexico,2007,20.372632317857118,0.02246138214285709,1.6406719345238079,0.8045348309523819
Country Of Mexico,2008,20.11162247814908,0.021141493573264794,1.6757802017994852,0.7966067005141391
Country Of Mexico,2009,23.0326883888889,0.022321129629629625,5.867554925925923,1.0397330462962973
Country Of Mexico,2010,18.5910497632312,0.022187473537604502,1.9573118300835644,0.8078017353760459
Country Of Mexico,2011,22.3873835460993,0.01682285342789594,3.5823167754137097,0.9136374869976354
Delaware,2011,11.071232976190473,0.02498275396825403,1.2262590992063482,0.2473020654761898
Delaware,2012,12.46817790752687,0.026496333333333368,1.0000634344086012,0.26609032903225815
Delaware,2013,10.792126883720922,0.028940674418604637,0.8980670348837209,0.23850300775193803
Delaware,2014,11.679319452261328,0.026187391959798977,1.1228957311557803,0.2559361658291458
Delaware,2015,10.075421769230774,0.02837354751131225,0.739750522624435,0.3006503438914028
Delaware,2016,13.77105545238096,0.025158940476190442,0.828227196428571,0.282874422619048
District Of Columbia,2000,22.72571730769227,0.017567395604395682,8.137539842032979,1.1756959697802172
District Of Columbia,2001,24.47431118338107,0.020935893982808,6.651348691977078,1.075424108882523
District Of Columbia,2002,24.44103580273976,0.024150441095890433,6.7127086904109525,1.1587947835616454
District Of Columbia,2003,22.640754349030477,0.01937184764542932,8.32318670360112,0.8963699445983382
District Of Columbia,2004,20.956403725274743,0.019498175824175793,6.475044528846149,0.617589045329671
District Of Columbia,2005,20.83678835911599,0.021643571823204383,4.48395299447514,0.8488915138121539
District Of Columbia,2006,15.966559909589112,0.026704019178082287,4.5250028821917665,1.1158484082191782
District Of Columbia,2007,15.332143955555598,0.028555570370370435,5.021016170370373,1.1969047348148156
District Of Columbia,2008,18.0577992361111,0.026467700000000045,5.556448202777774,1.221562333333332
District Of Columbia,2009,18.30295406906076,0.023656215469613252,4.529059987569056,0.8657245718232022
District Of Columbia,2010,17.643917554945038,0.028239994505494463,3.360865269230769,0.883861082417585
District Of Columbia,2011,15.92879966435991,0.02458485697808538,3.5996834619377145,0.6688640432525952
District Of Columbia,2012,16.273087274492475,0.025915747572815482,1.682196920564868,0.594510048543687
District Of Columbia,2013,11.500348711450378,0.02550544122137395,0.9909780053435142,0.3404356458015289
District Of Columbia,2014,12.302943370023447,0.024595138173302014,1.1175846030444978,0.35865022716627665
District Of Columbia,2015,13.233156556732208,0.02666851588502266,1.2680819417549176,0.27298412556732193
District Of Columbia,2016,12.460649844827593,0.031057155172413812,0.9719559310344821,0.2571015431034486
Florida,2000,12.453038323033741,0.02626126123595507,1.9739121432584248,0.7250718848314612
Florida,2001,12.387594238297885,0.02416237588652496,1.1479179319148913,0.6385253248226963
Florida,2002,11.313961369146014,0.023168024793388406,0.6619460275482102,0.4714328870523409
Florida,2003,10.929812842541425,0.023416610497237592,0.6560634558011047,0.4412717444751379
Florida,2004,9.516472522471888,0.02596404494382031,0.6482978623595518,0.5208142556179768
Florida,2005,8.6443595096953,0.02701386703601113,0.5196247479224395,0.5640615027700825
Florida,2006,8.51996240547944,0.029191479452054858,0.39075961643835644,0.38918460821917783
Florida,2007,6.136312015089166,0.028464311385459573,0.6592847105624109,0.28400619821673445
Florida,2008,5.214251262499985,0.02782756249999998,0.5513394476562467,0.2235211382812495
Florida,2009,6.0279421235631965,0.028474347701149403,0.12143105890804574,0.33761266091954023
Florida,2010,5.672489389972144,0.028882025069637954,0.1477912367688019,0.3940046949860722
Florida,2011,5.361869504109598,0.028131008219178057,0.09644472876712325,0.43369493013698773
Florida,2012,5.40692617759562,0.026901896174863316,0.05960993715847,0.38246238114754116
Florida,2013,4.5457268704225475,0.026027166197183094,-0.02581982253521128,0.29742501267605587
Florida,2014,4.9794516055555516,0.026022286111111095,0.10933308749999984,0.4575681458333335
Florida,2015,4.109642247863238,0.02570759259259262,0.035066821937321975,0.5141023974358968
Florida,2016,5.492868956043958,0.0292129230769231,0.39640819780219744,0.5736684395604397
Georgia,2010,16.500656434782634,0.01658352173913043,1.147945173913043,0.39688919021739144
Georgia,2011,13.381185286501351,0.02298624242424248,0.8936667575757552,0.33172545041322304
Georgia,2012,11.583259458046767,0.022031144429160963,0.4395215220082541,0.33054373039889956
Georgia,2013,9.439669561959636,0.019709374639769506,0.3217426945244974,0.29799807492795355
Georgia,2014,10.429543384831451,0.020054216292134875,0.359923981741575,0.31354102949438195
Georgia,2015,9.6730032427746,0.019226491329479733,0.254999252890175,0.313777101156069
Georgia,2016,11.935326111111106,0.019770380952380946,0.28865295238095234,0.31716959523809546
Hawaii,2011,2.8897305512073213,0.027078975853455454,0.9096265303913412,0.31635319900082776
Hawaii,2012,2.8904910655375797,0.02425166053019113,0.8715059756995587,0.3846301424889386
Hawaii,2013,3.116694443798449,0.028222939922480508,1.279402979651163,0.41638544089147334
Hawaii,2014,3.4493033284313594,0.02397154901960774,0.9861970571895421,0.3376765526960814
Hawaii,2015,3.5649830557163757,0.02376297395079576,1.0550591360347397,0.3899868415340053
Idaho,2009,6.337445621621625,0.034156216216216256,0.2210766148648648,0.14160641216216224
Idaho,2010,9.39700466944445,0.026446447222222128,0.323219595833333,0.17964315625000005
Idaho,2011,9.925650260869565,0.012998608695652164,0.7152670869565216,0.272311456521739
Illinois,2000,26.437457477272847,0.017104860795454493,6.064269409801127,0.7028934048295447
Illinois,2001,22.356801789574014,0.020865881754609027,5.479874905276553,0.5917895225683422
Illinois,2002,19.853930602250173,0.02177759166115157,4.178522507279946,0.590666702183984
Illinois,2003,20.68405669391311,0.020922853913043552,5.027722805217389,0.5127150547826076
Illinois,2004,18.81421912351944,0.020636064297800336,4.125006906937381,0.577740678511
Illinois,2005,17.899080328621874,0.024536261484098813,4.829198297703172,0.4566029699646631
Illinois,2006,17.391594790235082,0.021143596745027058,2.7122780189873374,0.3713359584086797
Illinois,2007,14.50169326205606,0.023436666168224398,1.6630271373831702,0.32655055551401985
Illinois,2008,14.085935269324663,0.021669790886899933,1.5833501574450806,0.2754500345809614
Illinois,2009,13.417118030383994,0.02062840066777968,1.4401344524206987,0.2656580656093508
Illinois,2010,13.035390209780225,0.026312210489014946,2.1081308430191377,0.3471472069454287
Illinois,2011,12.110594167196412,0.02486672536554365,2.4854753919262498,0.3402231068022873
Illinois,2012,11.954034387878833,0.027684872727272637,1.1132748227272713,0.29495801666666677
Illinois,2013,10.98377138412701,0.023803281481481406,0.8788289349206346,0.29204601375661493
Illinois,2014,10.547532697025993,0.02402569702602236,0.9828916459107809,0.30002436059479676
Illinois,2015,8.380404258227822,0.025771535021096952,1.184274210126581,0.3025427059071729
Illinois,2016,10.374431642458113,0.02501432960893851,0.9416912709497208,0.3093167374301688
Indiana,2000,15.287580371257468,0.029781718562874253,7.350800841317349,0.872974359281437
Indiana,2001,14.947843544943792,0.03215273033707864,3.313779028089887,0.3827131657303376
Indiana,2002,16.39270371093748,0.03550572656250006,3.5119717695312502,0.44414628906250064
Indiana,2003,14.522778646067437,0.029897033707865128,3.3911762837078623,0.4422182191011256
Indiana,2004,13.780555342657328,0.030380405594405687,4.725999332167828,0.5648289265734261
Indiana,2005,13.230630027173913,0.03280651630434784,4.766601108695644,0.42217621739130534
Indiana,2006,13.922752137931043,0.024199563218390806,9.933532290229898,0.6563206781609217
Indiana,2007,10.99442851841359,0.03185664305949008,3.3991836784702563,0.4487045212464587
Indiana,2008,9.288780684782612,0.028749516304347723,2.465206429347825,0.4196332228260875
Indiana,2009,10.135623790960464,0.025930056497175138,1.5431601214689297,0.23374955084745772
Indiana,2010,9.39229546938776,0.02944995238095235,2.9859852891156455,0.16423727210884334
Indiana,2011,9.906356070652182,0.033770559782608685,1.3611319782608695,0.0563294538043478
Indiana,2012,9.840462542483658,0.03576250980392149,0.8448061470588235,0.40079894117647075
Indiana,2013,10.359545698035161,0.028500381592554323,2.1757260548086816,0.26814745915201676
Indiana,2014,11.333617678481023,0.02703470126582291,2.479835131645572,0.23124612151898727
Indiana,2015,13.494140243609012,0.02621149172932322,1.262985229323308,0.24885166766917233
Indiana,2016,13.857478082474215,0.026542319587628885,0.39297341237113415,0.2447393453608247
Iowa,2006,8.230118000000003,0.01632480645161291,0.4614989193548385,0.2072039032258065
Iowa,2007,7.358557680306897,0.0289389309462916,0.5532879795396431,0.25428609335038277
Iowa,2008,7.458725873619597,0.027269525153374267,0.4370092650306748,0.2556546576687105
Iowa,2009,6.99674808020053,0.02615857142857153,0.32478274937343354,0.24086861278195454
Iowa,2010,7.497582681415918,0.028708853350189616,0.38630941403287017,0.25027920986093544
Iowa,2011,7.359249986679373,0.028032132254995266,0.4967388458610849,0.20670481065651675
Iowa,2012,7.57747048471223,0.029349535971222914,0.422324200989208,0.21538954946043035
Iowa,2013,6.7666955050504916,0.02833460697887973,0.3992495569329667,0.20139591276400517
Iowa,2014,6.348770536458271,0.02664081597222237,0.416381745659723,0.2032665807291691
Iowa,2015,6.0679104739583565,0.027443917534722296,0.4011588897569422,0.20816325868055893
Iowa,2016,5.994894780219794,0.030609082417582312,0.19128403021977972,0.20966417307692153
Kansas,2000,9.703852443089458,0.02972557723577246,0.942815025745256,0.7544122005420073
Kansas,2001,10.594909158176932,0.02797798257372657,0.9931302044235929,0.3346249048257368
Kansas,2002,8.77606315970057,0.027315759825327583,1.562858779787899,0.39260514909544497
Kansas,2003,9.623070339901455,0.027759985221674853,1.795816868637115,0.31582525041050863
Kansas,2004,9.540076842349297,0.024330550231839217,2.0952714289026244,0.38137849149922737
Kansas,2005,10.949590485362094,0.02617121571648691,2.2111053181818154,0.3838801263482278
Kansas,2006,11.178105495107646,0.027626790606653597,3.2913566252446085,0.3759224158512728
Kansas,2007,13.393603279452053,0.023231536986301295,4.1964023698630175,0.4222136205479443
Kansas,2008,16.807892210374636,0.022085515850144087,4.0438180979827125,0.4023550706051883
Kansas,2009,12.271639795321677,0.023496339181286564,4.652079026315781,0.2962093406432749
Kansas,2010,13.066675312865529,0.021598385964912287,5.189308907894739,0.41702650730994095
Kansas,2011,13.100770260000026,0.02198442857142857,3.6189493357142886,0.4514423471428561
Kansas,2012,12.065956740088133,0.028823919236417004,2.808529079295158,0.5106750770925104
Kansas,2013,11.859712665584398,0.02520611688311693,2.043392454545444,0.43578813474025835
Kansas,2014,11.030924596590891,0.02518003977272726,1.7583278650568224,0.2648551690340906
Kansas,2015,11.036150472346787,0.02535690582959646,1.542131605381165,0.2860998019431983
Kansas,2016,11.585219365714298,0.022854857142857114,1.0845895657142848,0.25264330285714287
Kentucky,2000,12.672254688986381,0.02889588840102451,4.780632958470566,0.17790749103549194
Kentucky,2001,12.55759945209434,0.0302282989889264,4.064225925132407,0.13081539046702045
Kentucky,2002,11.074694029259945,0.03202080895008604,2.920047534423411,0.12979208950086019
Kentucky,2003,10.843640384615368,0.032971528340081005,3.5330672064777375,0.10420246356275294
Kentucky,2013,14.10820124390243,0.01532406097560976,1.4973032987804875,0.35176348170731714
Kentucky,2014,11.438002149847108,0.020481568807339427,1.457531481651376,0.2613089755351677
Kentucky,2015,7.884836158031092,0.02366171243523321,0.5511602487046625,0.27079484455958547
Louisiana,2000,17.346074243169465,0.023755950819672127,3.658712430327868,0.7566461953551934
Louisiana,2001,17.35923877222225,0.022977722222222264,3.691796738888884,0.8257890902777772
Louisiana,2002,18.007522912917302,0.02103772423802622,2.612759072568939,0.7157975195936145
Louisiana,2003,15.562502252777774,0.020968977777777793,3.3623285555555644,0.6619541541666659
Louisiana,2004,15.816226016438339,0.022231991780821917,3.4598764520547904,0.5618260150684917
Louisiana,2005,14.399629534042566,0.025390378723404328,3.76696081808511,0.4706988744680856
Louisiana,2006,14.991752207161158,0.022960393861892678,3.437757241687981,0.37168491687979516
Louisiana,2007,15.199116918309839,0.02239293239436615,2.574561514084507,0.381694292957748
Louisiana,2008,13.101188951049007,0.02169476223776224,2.395542344055944,0.28327226853146836
Louisiana,2009,12.875143473684165,0.022424952908587245,1.9134634279778324,0.2213874695290847
Louisiana,2010,12.698542830028297,0.02529160339943342,1.3596249348441953,0.247254865439093
Louisiana,2011,11.665706710743812,0.025233942148760298,1.247419834710745,0.22149750413223082
Louisiana,2012,11.400542943661996,0.024979115492957685,0.8244011042253533,0.2186826549295771
Louisiana,2013,9.64470509444445,0.023653811111111058,0.635253729166667,0.20401628749999992
Louisiana,2014,10.480869211480348,0.023334157099697876,1.2450263338368568,0.2667189350453171
Louisiana,2015,9.385910437241375,0.023550808275862,1.0705288620689657,0.22086940275862013
Louisiana,2016,12.911401631578949,0.026846491228070146,1.1132564605263158,0.23293776754386009
Maine,2006,2.336910172413789,0.026278696551724098,0.8235399448275883,0.17890318620689633
Maine,2007,2.800110227397269,0.026452495890410967,0.7790631561643856,0.1722276917808214
Maine,2008,5.859293306451626,0.02385837275985665,1.2127995053763445,0.16470165591397737
Maine,2009,6.676751896759611,0.023040313489073077,1.82354757573474,0.20641309796533408
Maine,2010,6.161710454579719,0.026201762156049767,0.9401552966453057,0.25270111421032787
Maine,2011,5.592793518441206,0.024528900487125953,0.8144703646485698,0.23271899930410575
Maine,2012,6.063861375348192,0.024589704735376125,0.7577239397632335,0.2856407649721432
Maine,2013,3.913772048730963,0.02712493299492379,0.8383433725888317,0.22212504162436525
Maine,2014,3.5835317119741092,0.024984126213592132,0.5293181666666671,0.21348468689320318
Maine,2015,5.0273536501479485,0.02442151479289937,0.8553542174556227,0.24640128180473334
Maine,2016,6.556909069930055,0.028196734265734248,0.33263779370629387,0.2996631433566433
Maryland,2006,11.530203601226999,0.033159006134969304,3.9466608374233094,0.35862373006134957
Maryland,2007,12.6861908710407,0.02468521417797889,3.1987664419306183,0.3770255637254915
Maryland,2008,12.61363599455335,0.023615403050108945,2.8056360468409687,0.3829148061002189
Maryland,2009,11.537441529780596,0.024595545454545453,2.5025550172413786,0.4642868730407516
Maryland,2010,13.066959928882444,0.02836991872278667,2.1529911799709684,0.3914707924528295
Maryland,2011,12.94889615015974,0.02629611501597443,1.9809930255590973,0.30060242332268333
Maryland,2012,10.183034609011665,0.025613921511627842,1.1303751671511626,0.24267264970930305
Maryland,2013,9.742784201607025,0.025449509130752203,0.9568023469685902,0.2241036464572684
Maryland,2014,6.948792606945172,0.028035034222446,1.0650572546552586,0.19649874433819994
Maryland,2015,7.42591533468149,0.028049396865520795,0.8920482702224466,0.2146477922143586
Maryland,2016,9.200685738805975,0.02740857835820895,0.7271850970149257,0.24832474626865558
Massachusetts,2001,24.048433761538412,0.0191942307692308,5.902048490384625,0.2977262576923078
Massachusetts,2002,22.54733016787532,0.02227236994818682,4.557525230569953,0.39630828911916915
Massachusetts,2003,22.49630990958904,0.01921231506849312,6.004032995890408,0.6186278013698631
Massachusetts,2004,16.820704006349256,0.020858250793650772,3.636952896825405,0.19582897777777775
Massachusetts,2005,18.64907961318049,0.020080340974212022,1.9711940243553026,0.271649398280802
Massachusetts,2006,18.676900436111037,0.01763024166666662,2.4080049388888862,0.45632503888888964
Massachusetts,2007,19.697182419889547,0.018517331491712724,3.166704407458563,0.36190705801104933
Massachusetts,2008,19.678690358904102,0.020513361643835656,2.330869483561646,0.17325902191780798
Massachusetts,2009,18.04838470914126,0.021127415512465386,2.1267829418282562,0.28653484626038767
Massachusetts,2010,17.05275001244811,0.022201795297372012,1.5808720235131426,0.28041973305670764
Massachusetts,2011,18.529944335164775,0.020850771978022008,1.248917208791209,0.28804926923076885
Massachusetts,2012,15.805084535564857,0.020715857740585777,1.1012616492329135,0.27738313110181245
Massachusetts,2013,17.477490663366435,0.021589364922206523,1.0711304285714291,0.27327093988684575
Massachusetts,2014,15.571230801242251,0.021383965838509277,1.0277057298136623,0.27640229813664585
Massachusetts,2015,14.398738250774027,0.022485863777089787,0.7164238699690397,0.2737458869969038
Massachusetts,2016,15.82927339560442,0.023563384615384625,0.6768586648351645,0.27212088461538453
Michigan,2000,22.640060887955165,0.023350182072829195,5.415251205882345,0.2770012492997201
Michigan,2001,22.779874748299328,0.028067523809523813,5.392707748299322,0.39653027551020403
Michigan,2002,18.171084436260678,0.028539566572238082,3.400670679886686,0.366507628895184
Michigan,2003,17.560764142028994,0.02721393333333326,2.992979671014496,0.3984530246376803
Michigan,2004,14.568412212827946,0.025909787172011735,2.386398387755101,0.35413980612244883
Michigan,2005,15.670814585889543,0.02973109815950924,2.6919049570552147,0.32436058895705533
Michigan,2006,12.52517827556822,0.02717342045454542,1.9067676434659042,0.3147516278409091
Michigan,2007,8.125,0.021,2.3229165,0.229167
Minnesota,2011,7.521111348432042,0.027551158536585282,0.8922807961672462,0.214675120209059
Minnesota,2012,6.409370177419357,0.035082999999999975,0.3922276411290318,0.15120025806451598
Minnesota,2014,6.23165954040403,0.025247356060606053,0.41520928787878775,0.251820690656566
Minnesota,2015,6.645456237226287,0.026115101459853927,0.7046586452554756,0.28303180802919686
Missouri,2000,16.872749911059547,0.02776080355761796,4.145461887084285,0.5220404810518167
Missouri,2001,17.243857965986418,0.02946847392290251,4.293489820294791,0.4947629897959164
Missouri,2002,17.38512719953048,0.028731589201878,4.103031720657275,0.5841095422535202
Missouri,2003,16.529459207459205,0.028808603729603713,3.6032317097902067,0.5672352004661978
Missouri,2004,13.870773632558082,0.025585274418604597,3.4189968802325534,0.5504802360465099
Missouri,2005,12.615151787878752,0.03260904428904426,3.179018827505826,0.4831221643356638
Missouri,2006,13.149854323943678,0.02870296713615027,3.2980340328638493,0.4162495586854467
Missouri,2007,12.82610670616114,0.03156377725118494,3.436059853080567,0.4146821184834122
Missouri,2008,12.108717339534868,0.028429948837209274,2.8067672209302303,0.3595528999999994
Missouri,2013,12.03847475510205,0.024133250728862972,2.4882097842565614,0.2585641938775505
Missouri,2014,11.834839902506964,0.025086002785515385,2.130938194986071,0.2547120083565457
Missouri,2015,13.109978697841774,0.02068346043165465,1.3924375341726625,0.26952590287769734
Missouri,2016,12.485846530612262,0.02304571428571428,1.1153763775510206,0.3231519081632652
Nevada,2001,5.876263130434789,0.03083821739130442,0.2875264293478262,0.06751649456521736
Nevada,2002,2.9950511350574707,0.04121669252873566,0.061869807471264346,0.04489013793103451
Nevada,2003,2.3455944277108407,0.041386006024096283,0.013993472891566258,0.002429478915662652
Nevada,2010,22.342166699999993,0.018229399999999993,0.4304355,0.2896734000000002
Nevada,2011,16.665880235616456,0.026886372602739687,0.5022216835616442,0.29588597397260197
Nevada,2012,14.147347522222251,0.03157218888888892,0.37438249305555554,0.25755990972222176
Nevada,2013,16.23553077101446,0.02811684637681161,0.4997287318840572,0.30598229999999954
Nevada,2014,13.541735445086722,0.031490459537572145,0.37427555924855543,0.27524599999999955
Nevada,2015,13.305497062003218,0.03149623211446742,0.39295069872813987,0.26853870588235285
Nevada,2016,17.42081515384616,0.022641166666666664,0.37936950641025635,0.32322060897435884
New Hampshire,2002,9.989336059782595,0.030568168478260823,1.110621652173912,0.27951554891304353
New Hampshire,2003,9.368332373563241,0.02895131034482751,1.3233987298850582,0.3365828333333338
New Hampshire,2004,9.768453239130428,0.02689842391304342,2.3561168315217356,0.25623564402173915
New Hampshire,2005,9.146547134328376,0.026301293532338302,3.006628592039803,0.45676397512437883
New Hampshire,2006,7.333276811428557,0.028569491428571406,1.5190430171428582,0.3494516742857143
New Hampshire,2007,7.621771135869574,0.028604163043478327,1.244659494565216,0.4595218668478257
New Hampshire,2008,7.219969087912101,0.02777860439560442,1.3260550934065929,0.507567282967033
New Hampshire,2009,8.225157850467287,0.022297631775700922,1.4825220308411209,0.37249145981308557
New Hampshire,2010,7.668570667910461,0.029611966417910366,0.9733833320895546,0.44215409888059737
New Hampshire,2014,4.442317022988509,0.025634517241379315,0.913755327586206,0.1899287816091956
New Hampshire,2015,3.3202604301676115,0.02995135474860337,0.8291063086592195,0.183941029329608
New Hampshire,2016,4.294245949152546,0.031650966101694884,0.818882152542373,0.20897485593220344
New Jersey,2000,20.5221819093445,0.02028053277545327,6.277910829149231,0.5848397656903758
New Jersey,2001,23.120570172264415,0.02238785373781146,5.736811509209097,0.6169852307692306
New Jersey,2002,24.074683953555862,0.023180811320754658,5.427977851233672,0.5838479985486206
New Jersey,2003,23.698987366412297,0.021160725190839686,6.685170118320633,0.6480552506361327
New Jersey,2004,19.240871952654242,0.021933906743185013,5.605666237446187,0.5180822525107602
New Jersey,2005,19.856827017760594,0.023923578378378343,4.92306931737452,0.4670705992277988
New Jersey,2006,17.475928888579418,0.024464342618384455,3.9079021086350916,0.3770193036211701
New Jersey,2007,18.006937571328194,0.024164489107519383,3.657820973295852,0.28654061138439896
New Jersey,2008,15.715290458955216,0.026259660447761193,3.273721143656716,0.2371200223880594
New Jersey,2011,21.035292152298826,0.022285982758620714,1.9554864252873556,0.35882982471264385
New Jersey,2012,15.60911432615892,0.025578552980132466,1.1821660645695362,0.2833600902317878
New Jersey,2013,15.236752999999963,0.024276122052704442,0.5411560686546457,0.27770917891816943
New Jersey,2014,16.08126917966571,0.023692694986072405,0.590643168523676,0.2791915633704742
New Jersey,2015,15.023080195918322,0.024570387755101935,0.292289215646258,0.2842198435374161
New Mexico,2011,13.406795132956153,0.03271685289957569,0.40403363366336653,0.20552209476661945
New Mexico,2012,13.742087632311994,0.03196546796657381,0.6469370766016728,0.18437641922005524
New Mexico,2013,11.770744002789387,0.03306059414225942,0.789340518828451,0.21493143654114422
New Mexico,2014,11.614180335187799,0.03088337134909579,0.5355299916550765,0.22087208136300415
New Mexico,2015,11.18275251988638,0.02984992045454539,0.6866199644886364,0.229498055397727
New York,2000,23.1671911774707,0.021251528692879836,7.182328001594027,0.4624690855472896
New York,2001,25.031920218513626,0.02093624254561631,7.795533376724546,0.49343594882064956
New York,2002,23.964214887710924,0.022017362409638534,6.823424346987941,0.4418202024096385
New York,2003,22.882432662291766,0.021157818778394778,7.447009673902062,0.5295775537607249
New York,2004,20.89026436152892,0.02111687792848345,6.997804568927248,0.4365447546239197
New York,2005,21.335947024497784,0.022630218520333135,7.351623626653641,0.3996898402743737
New York,2006,19.239111933253895,0.02370131903059191,4.69935854827178,0.3193869876837464
New York,2007,18.541223912418463,0.023019917647058807,4.960159861764724,0.36619991013071274
New York,2008,16.704222550000022,0.024348337499999845,4.54856282256945,0.315404801388883
New York,2009,12.976843763190155,0.02520273496932523,3.345175070245373,0.24013863190183238
New York,2010,12.980506333598782,0.028120914012738932,3.039181735668799,0.3049239156050897
New York,2011,13.088026804234882,0.025910588094286903,2.483608524370752,0.2776308078306028
New York,2012,18.094765563611404,0.024573976744185964,2.5156718166894647,0.3434708255813967
New York,2013,17.91965873786402,0.024628091539528437,1.8067857808599221,0.3056751373092939
New York,2014,16.920592256302573,0.024053095238095255,1.4327756841736676,0.27494524369748
New York,2015,17.16599353867408,0.023756726519336965,1.0049649689226547,0.2618832589779015
New York,2016,17.847472824267797,0.023971518828451915,1.0514274393305456,0.2936439079497898
North Carolina,2000,15.173354588397789,0.034652389502762414,3.6605650524861924,0.6182475414364644
North Carolina,2001,13.85361430094045,0.03374668025078378,3.2804240799373003,0.5399078025078368
North Carolina,2002,12.26552098017623,0.0371352819383259,2.7364961332599202,0.43254522687224595
North Carolina,2003,11.956116214043066,0.030765832389580965,2.889653042468854,0.48578629218572944
North Carolina,2004,10.630065490430601,0.03078501196172253,2.369893836124398,0.4299048995215303
North Carolina,2005,12.433632451162758,0.03203882790697675,2.1561983906976736,0.5177355674418597
North Carolina,2006,12.285188430555568,0.03240122222222232,2.6581683935185216,0.40357354861111083
North Carolina,2007,13.916445365013692,0.029454453168044032,2.9402462073002766,0.3752893650137738
North Carolina,2008,11.20820337190089,0.028049355371900918,2.0702668746556494,0.32285143663911753
North Carolina,2009,9.851958402857155,0.02592146571428568,0.802151499999999,0.293876041428571
North Carolina,2010,11.689251356741574,0.02840465730337063,0.9044115351123624,0.3286665042134829
North Carolina,2011,9.9951739226442,0.029280112517580986,0.5708105450070311,0.3389694142053429
North Carolina,2012,8.671511397727276,0.028014240259740062,0.23376943749999915,0.2804061826298695
North Carolina,2013,8.482232184659129,0.02543567329545449,0.2538279133522726,0.288644733664773
North Carolina,2014,7.744522128651322,0.026798354257302728,0.3319869900559366,0.26944820696084654
North Carolina,2015,6.945403845499622,0.026819333097094177,0.27141563465627266,0.2589398972360037
North Carolina,2016,7.4712138382978734,0.029335038297872314,0.23583964468085125,0.2472361042553186
North Dakota,2008,5.3477361690962235,0.024832457725947443,0.19270831778425654,0.17317455685131142
North Dakota,2009,4.921614116343481,0.02520029916897513,0.267746181440443,0.1657442216066472
North Dakota,2010,5.418301605479465,0.02645503287671228,0.281607457534247,0.1718779232876708
North Dakota,2011,4.477427017441871,0.025588098837209295,0.27706504796511566,0.16514726598837154
North Dakota,2012,4.581983247252721,0.025031936813186818,0.2248054945054945,0.17415960164835106
North Dakota,2013,4.762328991999997,0.02930984399999998,0.2160618260000002,0.1555206759999996
North Dakota,2014,4.481842769105692,0.027108730081300804,0.15634254227642283,0.161114359349593
North Dakota,2015,4.2990242674772245,0.024690896656534962,0.12183230395136774,0.17179530243161042
North Dakota,2016,4.671009923076932,0.025867692307692286,0.24749544505494528,0.18592069780219816
Ohio,2009,4.50915114071857,0.028097691616766382,2.7282798727544932,0.33627723652694613
Ohio,2010,5.079082437158467,0.03808820765027315,1.4739800683060122,0.3226091612021855
Ohio,2011,14.719710548501729,0.02495075215845626,4.610093956830879,0.28470554393092823
Ohio,2012,13.829280486876629,0.023369489501312284,3.110030160761163,0.2771736692913391
Ohio,2013,12.638240598859287,0.02342930703422054,2.315379180608368,0.24290124429658053
Ohio,2014,12.016027368129357,0.023705387066974594,2.262784156581995,0.24845723949191922
Ohio,2015,12.478634697078405,0.02392558585340847,2.2220453856996407,0.2700671330087157
Ohio,2016,9.760795330555565,0.025508180555555576,1.6869930083333369,0.2786567430555552
Oklahoma,2000,4.770656379182161,0.03732450743494419,0.8520764553903354,0.04797740148698887
Oklahoma,2001,8.271933951394404,0.03431609083665341,1.0042250478087629,0.03336790996015929
Oklahoma,2002,6.610263726384361,0.03125879261672092,1.0158369728555905,0.06006782464712246
Oklahoma,2003,6.296427039007111,0.035488258865248264,1.0501872535460983,0.04223654669030737
Oklahoma,2004,5.396609140934294,0.03247035312747431,0.9094590989707021,0.015515440221694472
Oklahoma,2005,8.13478026585366,0.03396279024390247,0.4126972878048778,0.016906630487804893
Oklahoma,2006,7.8733028659003645,0.030522582375479005,1.9068094252873569,0.11229207088122606
Oklahoma,2007,7.787240848594752,0.026173961922030795,0.6539768912058035,0.20699953445149585
Oklahoma,2008,6.230807606321843,0.02659176724137925,0.5917958721264369,0.1523881774425285
Oklahoma,2009,6.454745428571412,0.028389079957356057,0.6540591551172729,0.21855865458422088
Oklahoma,2010,6.441627653771769,0.029254605415860738,0.793962387814311,0.2178528022243707
Oklahoma,2011,6.743543981755994,0.0358186499429875,0.8421996271379689,0.2281006778791354
Oklahoma,2012,6.482661610328666,0.032623923122065905,0.4582978750000003,0.16874380311032902
Oklahoma,2013,6.744320405817171,0.030170722991689672,0.34730523545706377,0.1724958303324099
Oklahoma,2014,6.0227435988023945,0.02989889071856286,0.1692734401197608,0.1570943330838328
Oklahoma,2015,7.805979408988764,0.026096294382022638,0.693180137078651,0.23957214044943817
Oklahoma,2016,8.125384904109598,0.02568779452054795,1.4898447945205473,0.2775481917808218
Oregon,2007,11.425320463203457,0.01761210822510831,1.1652148636363648,0.33053055844155826
Oregon,2008,10.95249708841465,0.019139314024390234,0.9716905564024407,0.33621495579268335
Oregon,2009,10.359543484149873,0.01925165129682991,1.6073562622478352,0.3244238429394809
Oregon,2010,9.054466978082166,0.019020553424657576,1.338063201369862,0.32446619863013676
Oregon,2011,9.132214090062119,0.018564717391304334,0.7425561102484463,0.33689557142857035
Oregon,2012,9.063791746913585,0.021104802469135805,0.6284328317901247,0.29614888425925867
Oregon,2013,9.730130672672683,0.017591111111111078,1.0765544954954958,0.2922472357357347
Oregon,2014,8.553654308845566,0.02088637781109446,0.8413214002998489,0.24234000149924978
Oregon,2015,9.187567528767092,0.019680350684931493,0.4662645260273974,0.2751505698630138
Pennsylvania,2000,16.130557786367028,0.024540702556158214,5.154716495584793,0.3025496960495742
Pennsylvania,2001,15.96563053802421,0.027188432785374035,5.269352699032093,0.32083088938392945
Pennsylvania,2002,14.585166641840281,0.028253973774913857,5.051256175558207,0.26063189614866167
Pennsylvania,2003,14.06098984939209,0.02534669878419444,4.913716502659562,0.2661144247720355
Pennsylvania,2004,13.626997859384405,0.02440713050694052,4.591875559067577,0.32630518964996774
Pennsylvania,2005,13.449164729733788,0.027749322358794258,5.491304976148657,0.21349479060579413
Pennsylvania,2006,12.460241873918253,0.02740702595797256,5.0030288249553925,0.23131111962642328
Pennsylvania,2007,12.142219613172001,0.028704102822580707,5.170531890322562,0.2380835786962391
Pennsylvania,2008,11.101861499021652,0.027023814529802785,3.9792499131994195,0.18491549100039306
Pennsylvania,2009,10.6518208836627,0.025312007236292615,3.5445857933481686,0.23536362468689184
Pennsylvania,2010,10.94291599555006,0.028052498393078065,2.9196113426452572,0.26829531569839427
Pennsylvania,2011,11.238375840566565,0.024840284002179056,2.1361014839295467,0.23196090294171037
Pennsylvania,2012,11.092222734551365,0.02455810926025413,2.190938877216549,0.2225392241626376
Pennsylvania,2013,9.623867809705315,0.024817554072790186,2.100690687868296,0.16630085788561697
Pennsylvania,2014,9.266645783291748,0.026065943890274355,2.254288904239402,0.18998169201995163
Pennsylvania,2015,6.997646953524609,0.027685623518402962,1.3503994457267645,0.1732895254210859
Pennsylvania,2016,7.415981063157899,0.02791888571428576,1.0580259293233072,0.09498146691729299
Rhode Island,2011,5.383758893939392,0.030740999999999963,0.16170763636363653,0.19079410227272736
Rhode Island,2012,6.288014812133078,0.031461733855185844,0.6513003933463781,0.2194728356164379
Rhode Island,2013,7.559365497175131,0.0298939237288137,0.6920374844632766,0.22364633615819207
Rhode Island,2014,7.303875299860515,0.02915856764295678,0.6172900097628996,0.22903997768479703
Rhode Island,2015,7.640185122222213,0.029185163888888876,0.3330224111111119,0.2316014569444437
Rhode Island,2016,7.740604504132238,0.032333685950413193,0.3658904958677689,0.23415871900826507
South Carolina,2003,2.355526345454541,0.03203885454545459,0.7008374045454544,0.26056556818181814
South Carolina,2006,2.0479737068965496,0.03352768965517246,1.2169430718390792,0.14434892528735582
South Carolina,2007,2.030434320132013,0.03238223432343229,0.8810214438943899,0.1308132326732669
South Carolina,2008,1.7397764643962852,0.03082974303405577,0.8244518421052629,0.12765559752321878
South Carolina,2009,1.450361574394462,0.02897945674740483,0.5427266782006933,0.0662947923875431
South Carolina,2010,1.4259290818965524,0.03257925862068965,0.6528509504310347,0.08661570043103448
South Carolina,2016,9.31217068965516,0.029760551724137947,0.23128932758620688,0.15805722413793105
South Dakota,2011,6.187938959097303,0.030389317348377944,0.43378950775740405,0.19053938928067687
South Dakota,2012,6.237231801369868,0.03163196438356168,0.4767846363013689,0.19236813561643787
South Dakota,2013,4.065520119885119,0.03106974946159359,0.42917289770279643,0.16368686862886092
South Dakota,2014,5.041007641350209,0.031174499296765103,0.7045552025316449,0.18765247538677846
South Dakota,2015,4.731271003252032,0.02408431382113821,0.3654825406504074,0.19465870569105603
Tennessee,2002,3.08569240821918,0.03387180273972599,1.2277952739726,1.0
Tennessee,2003,4.821396421568629,0.03420176470588236,1.309253348039216,1.0
Tennessee,2008,1.250008350282484,0.035084627118644005,1.3559292655367234,0.20531837288135618
Tennessee,2009,0.7605121170886076,0.03865249050632907,0.6942489620253228,0.16378347943037885
Tennessee,2010,0.8958425559566805,0.04434198916967497,0.8818676046931411,0.17877123826714772
Tennessee,2015,0.7755725399568039,0.037548589632829324,0.10159327645788312,0.16721855291576634
Tennessee,2016,1.011591173913044,0.03796459006211183,0.1368034689440994,0.18619083850931728
Texas,2000,16.346747500994017,0.024589549204771403,2.726069095675944,0.4366681714711747
Texas,2001,16.241309458959492,0.0259672069364163,1.7270888770712878,0.38469137456647445
Texas,2002,16.09399855229081,0.028803292330677167,0.36111101568725046,0.340581887450199
Texas,2003,15.609971177159672,0.027017634333821535,2.0365091941800846,0.46008298901903255
Texas,2004,13.785695002874617,0.024734403521379712,2.010291317103843,0.3438015738411766
Texas,2005,13.879088825776531,0.027121767940021173,2.2697776960014275,0.31472340057122367
Texas,2006,13.523946258084814,0.025674212244897875,1.8484827792778622,0.2621536309262165
Texas,2007,13.107004495880556,0.02428304119464469,1.2479192559217287,0.22921194953655746
Texas,2008,10.624742532339297,0.024720010477533808,0.7728803574450965,0.22406947551883055
Texas,2009,8.671117821718283,0.023980757853131193,0.6684406135843529,0.20013256875389593
Texas,2010,10.823314394742109,0.025233743079068005,0.8289956869149584,0.2281135470025811
Texas,2011,10.374971843638876,0.02757172353202831,0.6344638368549779,0.1984267882562181
Texas,2012,10.31644528457504,0.027163398530954695,0.5638771177334692,0.18251485414479623
Texas,2013,9.571832681389168,0.026478036865538946,0.38636808459483635,0.17551323161174656
Texas,2014,9.534497269022216,0.025291486446064656,0.32398238801645407,0.1783381567582628
Texas,2015,9.252532879310294,0.024903591577162248,0.2583059338609384,0.20762916153192917
Texas,2016,10.357078990476175,0.026514834285714342,0.3216947799999995,0.22726722000000313
Utah,2011,18.20191779501382,0.027011418282548452,0.9578963753462582,0.3460753171745153
Utah,2012,8.553960392510389,0.036994091539528505,0.22075977531206714,0.37731757628294005
Utah,2013,12.847583547283788,0.034558434607645974,0.27509715694164977,0.3318700985915495
Utah,2014,14.296005786624239,0.02741368152866229,0.4842702101910827,0.32878861624203726
Utah,2015,16.98169298023717,0.027733814229248976,0.25112183596837956,0.3603385652173915
Utah,2016,31.515873142857128,0.013307619047619049,0.6617261666666667,0.5151339999999999
Virginia,2000,17.915558894736904,0.02260862175962284,9.042594210133542,0.6444279135899457
Virginia,2006,13.026680567967103,0.025570743737166463,3.9241712917864446,0.4709962102669408
Virginia,2007,11.786961742120349,0.02976913753581654,3.8227723920725833,0.43669014995224564
Virginia,2008,9.988765413111329,0.026879800728407923,2.9812686272112376,0.3485645088449544
Virginia,2009,11.938866516579415,0.026451439790575928,2.6542200890052414,0.32280984904013993
Virginia,2010,10.016854248538,0.034726900584795196,1.4803340657894721,0.11849147953216353
Virginia,2011,7.925899977813004,0.0331635372424722,0.6147287321711563,0.28920982171156817
Virginia,2012,7.994418603857555,0.03105734272997039,0.5689378241839768,0.2504158249258148
Virginia,2013,7.044391261904766,0.027440159090909164,0.5374829853896124,0.26580988041125386
Virginia,2014,5.253935297297296,0.029965174880763033,0.5802864825119245,0.26072070826708965
Virginia,2015,5.4428425258397795,0.029290275193798346,0.38769870090439107,0.2677839709302298
Virginia,2016,10.320662866666662,0.022907900000000016,0.5506167166666669,0.2918260166666666
Washington,2013,11.611419756756764,0.015162108108108096,1.0791548108108107,0.1813886216216215
Washington,2014,8.86268676190476,0.029978190476190485,0.26370826190476176,0.2083429761904761
Washington,2015,9.67258483333332,0.02146849404761903,0.8137348839285707,0.20347927976190486
Washington,2016,14.73053810344828,0.01590124137931035,0.20271648275862056,0.2743267413793102
Wisconsin,2006,14.7652431034483,0.023081554597701094,2.625670935344824,0.35359729166666953
Wisconsin,2007,17.253054774193544,0.015142419354838694,2.4937418225806454,0.3148375483870966
Wyoming,2007,1.7338185817174512,0.040416204986149576,1.0227835249307489,0.16672266481994433
Wyoming,2008,2.2701783826366615,0.039817488745980685,0.5443959228295822,0.06605486816720255
Wyoming,2011,4.168865709030102,0.03789019063545155,0.16421362374581844,0.12308288405797116
Wyoming,2012,3.9003479291666583,0.03704996249999995,0.2786480902777781,0.21128074861111154
Wyoming,2013,4.13689399860531,0.039276906555090633,0.20484122524407197,0.05276451882845208
Wyoming,2014,2.993313720368229,0.03730298043728423,0.21762683831990862,0.027999284234752685
Wyoming,2015,3.044855312906224,0.03661506220984224,0.24692582451253448,0.04624513556174561
Wyoming,2016,3.425564388888893,0.03914851111111106,-0.03359571666666666,0.09247769444444467
