,State,Year,NO2 Mean,O3 Mean,SO2 Mean,CO Mean,Pollution Index
2,Alabama,2013,12.065634967741929,12.098838709677423,0.750311306451613,211.00688709677428,235.92167208064524
3,Alabama,2014,9.411745809286877,24.660149253731362,1.1865171293532364,205.92147014925288,241.17988234162436
4,Alabama,2015,9.07858020666667,23.999966666666726,1.0094290199999982,221.02667999999989,255.1146558933333
5,Alabama,2016,9.524873194630876,28.34774496644293,0.8351175503355704,209.51413758389285,248.22187329530223
6,Alaska,2014,11.658509608938544,10.306575418994406,5.951531268156425,455.4438687150833,483.36048501117267
7,Alaska,2015,11.116588599364084,14.217632750397495,6.159010971383146,405.22124642289253,436.71447874403725
8,Arizona,2000,26.4875015898749,23.655243458475475,2.303225737485779,745.7559050056874,798.2018757915235
9,Arizona,2001,22.744723428650186,21.62845234159781,1.6666013479338941,649.4715399449045,695.5113170630864
10,Arizona,2002,23.66505389030465,22.803118005540227,1.8739165972299237,705.9283905817193,754.2704790747941
11,Arizona,2003,23.101151234109473,22.50849087476407,1.7997748955317772,632.0114373820024,679.4208543864078
12,Arizona,2004,20.134377321929353,22.614381940549553,1.6263508345485067,509.96003028603366,554.3351403830611
13,Arizona,2005,21.36010921302395,23.73842777970206,1.8447992755455445,618.0882324211989,665.0315686894704
14,Arizona,2006,20.83468996254551,25.204010938018037,1.6886411234670213,555.6812651640682,603.4086071880988
15,Arizona,2007,19.33019939116848,24.247443141852223,1.5204083163345092,508.5927811645153,553.6908320138705
16,Arizona,2008,18.250667084563233,25.574177901874727,1.4573806352213832,425.3625616274476,470.6447872491069
17,Arizona,2009,17.156288054842513,25.385165694282424,1.1760773072734434,422.9032220925722,466.6207531489706
18,Arizona,2010,15.916711955832406,25.903456398640895,1.0470331247640592,365.1679909399791,408.03519241921646
19,Arizona,2011,16.615336006730196,26.812975883342578,0.7759248839035352,343.42516993830316,387.6294067122795
20,Arizona,2012,17.831803367357796,26.512629984050996,0.9130017448165904,342.5981073896855,387.85554248591086
21,Arizona,2013,15.479527667006144,27.97265885947041,0.7163671771894103,320.8922123217884,365.06076602545437
22,Arizona,2014,16.112343223624414,26.559032306915622,0.9237102094901574,405.2679432104998,448.86302895053
23,Arizona,2015,12.704995142294454,28.14385081240763,0.5848484662727682,355.64492959133537,397.07862401231023
24,Arizona,2016,15.811195011764726,22.13734705882358,0.39592719117647024,468.28980588235237,506.63427514411717
25,Arkansas,2007,10.781744733516485,24.740642857142863,3.1604945961538498,589.0610879120879,627.7439700989012
26,Arkansas,2008,8.991394928961755,24.88974043715845,1.7602098210382515,443.4350423497267,479.07638753688514
27,Arkansas,2009,9.14633706027397,24.487189041095967,1.7323654520547942,423.2853123287671,458.6512038821918
28,Arkansas,2010,10.004748837499944,27.649920138888614,1.2924943253472232,454.63375972222155,493.5809230239573
29,Arkansas,2011,9.98213381095891,27.46128219178089,1.365532535616438,447.12672465753235,485.93567319588857
30,Arkansas,2012,10.568827552289793,27.883923444976098,1.3046150054682102,467.3621572112126,507.1195232139467
31,Arkansas,2013,9.791679257534282,25.57740821917801,1.2992415363013696,384.4125212328744,421.08085024588803
32,Arkansas,2014,8.86205075616437,23.851506849315204,1.141635815753429,346.99206438356055,380.84725780479357
33,Arkansas,2015,8.61283287087911,24.334931318681285,1.1102464903846148,306.02255769230777,340.0805683722528
34,Arkansas,2016,8.661112791208799,26.00959340659338,0.6637995109890118,322.07300549450525,357.40751120329645
35,California,2000,17.580989015234316,23.67472239149191,1.7210038055475587,644.4877458752366,687.4644610875104
36,California,2001,17.76082217022577,24.844303941323666,1.8136710187528196,622.1486183606075,666.5674154909098
37,California,2002,16.755127907428733,26.342203739853964,1.625931129250981,601.7906458697225,646.5139086462563
38,California,2003,15.794641777253213,25.647639698301713,1.495033444598184,575.3787833848628,618.3160983050159
39,California,2004,15.151140976660171,25.978691258689263,1.8278402307054915,517.947119656862,560.9047921229169
40,California,2005,13.965664211497598,25.11942063080237,1.65303376731241,459.535088594836,500.2732072044484
41,California,2006,14.016458760277258,26.27356637504775,1.3833036514029582,444.4205270211021,486.09385580783004
42,California,2007,13.076023342493592,26.670198052911886,1.2164233821363641,416.0350642916818,456.9977090692237
43,California,2008,12.97735773573428,26.976376492373205,1.0952821892695104,390.69309380634917,431.7421102237262
44,California,2009,12.873185457535039,26.156712549019343,1.0069486883473133,394.01494882353734,434.051795518439
45,California,2010,12.247269078098636,25.668665222623233,0.7208656165764081,344.7467770156543,383.38357693295256
46,California,2011,12.282851511251994,26.144162826749675,0.7093256436627976,360.517009889369,399.65334987103347
47,California,2012,11.071265311824607,26.872414714095097,0.600589553963815,336.9246061066023,375.46887568648583
48,California,2013,11.761860724790708,26.072653657175128,0.4755547519821278,355.1291647962113,393.4392339301593
49,California,2014,10.883953002053492,26.956880126738028,0.4919950374640483,344.46319368657214,382.7960218528277
50,California,2015,10.269061512879755,27.551190853175733,0.4586483399001213,333.13140009744734,371.41030080340295
51,California,2016,8.101743924363591,25.300942909090892,0.6012758643636374,360.4359701818171,394.4399328796352
52,Colorado,2000,14.90246898904114,17.06601643835616,2.1380578726027406,611.3879547945195,645.4944980945195
53,Colorado,2001,25.78340071651082,16.376249221183826,2.4376980186915893,627.5631869158875,672.1605348722737
54,Colorado,2002,19.769313209944677,20.604186003683182,2.2467810911602215,499.26212154696174,541.8824018517498
55,Colorado,2003,21.073078467874765,19.41373476112027,1.9633121663920954,549.6916886326184,592.1418140280055
56,Colorado,2004,21.64520825072887,17.20207288629745,1.8985486778425675,616.8473294460645,657.5931592609334
57,Colorado,2005,24.17658178731699,18.818469268292777,1.930438374634143,617.5001887804884,662.4256782107324
58,Colorado,2006,24.644735138629244,20.494109034267886,2.0845535038940817,571.6930319314657,618.916429608257
59,Colorado,2007,23.835024832137712,21.69165853658542,1.9193284670014295,549.4412539454796,596.8872657812042
60,Colorado,2008,19.080972470910375,25.608830253251313,1.860228203969885,405.50120328542164,452.0512342135532
61,Colorado,2009,14.230846937499981,26.782818749999915,1.37065658125,355.38630624999917,397.77062851874905
62,Colorado,2010,16.171137841981164,22.95454952830189,1.0280904292452844,365.6964410377362,405.8502188372645
63,Colorado,2011,17.526490973312406,27.845387755102028,1.4074937598116153,332.9829733124021,379.76234580062817
64,Colorado,2012,20.320903629032216,26.317186950146517,1.3363450868768325,370.5979065249274,418.57234219098297
65,Colorado,2013,14.342691029523749,28.70908857142869,1.0601894347619039,307.03681666666535,351.1487857023797
66,Colorado,2014,16.904157374855476,27.25939865957939,0.942433379015481,318.47267529465995,363.5786647081103
67,Colorado,2015,20.03914544487049,24.45096596356662,1.0342656627516797,389.75906855225264,435.2834456234414
68,Colorado,2016,23.6238202862453,20.989141263940557,1.0044201747211907,451.5239535315982,497.1413352565052
69,Connecticut,2006,17.444166465116286,26.086017441860477,3.1960970348837163,477.7570348837203,524.4833158255808
70,Connecticut,2007,12.61999465427514,29.01981226765797,1.7516646802973987,315.65757527880913,359.04904688103966
71,Connecticut,2008,10.542381460301486,26.084358793969887,1.249225908542713,343.89121306532667,381.7671792281408
72,Connecticut,2009,10.860680024156354,23.763089165186376,1.4085442401420964,313.64586500888373,349.67817843836855
73,Connecticut,2010,9.739028127340847,27.474275905118756,0.9496234843945063,279.9570967540603,318.12002427091437
74,Connecticut,2011,8.533361105362191,28.97121872060223,0.9024359614299169,221.2534435559754,259.6604593433697
75,Connecticut,2012,7.276309031775712,30.1937271028038,0.6422347060747678,213.4081065420584,251.52037738271267
76,Connecticut,2013,7.411335839067684,31.19489900110995,0.5516750998890133,203.13938845727034,242.297298397337
77,Connecticut,2014,7.237452216247146,30.38544965675047,0.5732451773455378,202.23465160183133,240.43079865217447
78,Connecticut,2015,8.045103610660497,31.103356894554114,0.3656384501738124,215.42820741599127,254.9423063713797
79,Country Of Mexico,2006,20.451521242842112,23.011423117709715,1.5970209262990471,892.0294862142123,937.0894515010632
80,Country Of Mexico,2007,20.372632317857118,22.46138214285709,1.6406719345238079,804.5348309523819,849.0095173476199
81,Country Of Mexico,2008,20.11162247814908,21.141493573264793,1.6757802017994852,796.6067005141391,839.5355967673524
82,Country Of Mexico,2009,23.0326883888889,22.321129629629624,5.867554925925923,1039.7330462962973,1090.9544192407418
83,Country Of Mexico,2010,18.5910497632312,22.1874735376045,1.9573118300835644,807.8017353760459,850.5375705069652
84,Country Of Mexico,2011,22.3873835460993,16.82285342789594,3.5823167754137097,913.6374869976354,956.4300407470444
85,Delaware,2011,11.071232976190473,24.98275396825403,1.2262590992063482,247.3020654761898,284.58231151984063
86,Delaware,2012,12.46817790752687,26.496333333333368,1.0000634344086012,266.0903290322582,306.05490370752705
87,Delaware,2013,10.792126883720922,28.940674418604637,0.8980670348837209,238.50300775193804,279.1338760891473
88,Delaware,2014,11.679319452261328,26.187391959798976,1.1228957311557803,255.9361658291458,294.92577297236187
89,Delaware,2015,10.075421769230774,28.37354751131225,0.739750522624435,300.6503438914028,339.8390636945703
90,Delaware,2016,13.77105545238096,25.15894047619044,0.828227196428571,282.874422619048,322.632645744048
91,District Of Columbia,2000,22.72571730769227,17.56739560439568,8.137539842032979,1175.6959697802172,1224.1266225343381
92,District Of Columbia,2001,24.47431118338107,20.935893982808,6.651348691977078,1075.424108882523,1127.4856627406891
93,District Of Columbia,2002,24.44103580273976,24.150441095890432,6.7127086904109525,1158.7947835616455,1214.0989691506866
94,District Of Columbia,2003,22.640754349030477,19.37184764542932,8.32318670360112,896.3699445983382,946.7057332963991
95,District Of Columbia,2004,20.956403725274743,19.498175824175792,6.475044528846149,617.589045329671,664.5186694079676
96,District Of Columbia,2005,20.83678835911599,21.643571823204383,4.48395299447514,848.8915138121539,895.8558269889494
97,District Of Columbia,2006,15.966559909589112,26.704019178082287,4.5250028821917665,1115.8484082191783,1163.0439901890416
98,District Of Columbia,2007,15.332143955555598,28.555570370370436,5.021016170370373,1196.9047348148156,1245.813465311112
99,District Of Columbia,2008,18.0577992361111,26.467700000000047,5.556448202777774,1221.5623333333322,1271.644280772221
100,District Of Columbia,2009,18.30295406906076,23.65621546961325,4.529059987569056,865.7245718232022,912.2128013494453
101,District Of Columbia,2010,17.643917554945038,28.23999450549446,3.360865269230769,883.861082417585,933.1058597472552
102,District Of Columbia,2011,15.92879966435991,24.58485697808538,3.5996834619377145,668.8640432525951,712.9773833569782
103,District Of Columbia,2012,16.273087274492475,25.915747572815484,1.682196920564868,594.510048543687,638.3810803115599
104,District Of Columbia,2013,11.500348711450378,25.50544122137395,0.9909780053435142,340.4356458015289,378.43241373969676
105,District Of Columbia,2014,12.302943370023447,24.595138173302015,1.1175846030444978,358.65022716627664,396.6658933126466
106,District Of Columbia,2015,13.233156556732208,26.66851588502266,1.2680819417549176,272.98412556732194,314.1538799508317
107,District Of Columbia,2016,12.460649844827593,31.05715517241381,0.9719559310344821,257.10154310344865,301.59130405172453
108,Florida,2000,12.453038323033741,26.261261235955068,1.9739121432584248,725.0718848314613,765.7600965337085
109,Florida,2001,12.387594238297885,24.16237588652496,1.1479179319148913,638.5253248226963,676.2232128794341
110,Florida,2002,11.313961369146014,23.168024793388405,0.6619460275482102,471.4328870523409,506.57681924242354
111,Florida,2003,10.929812842541425,23.416610497237592,0.6560634558011047,441.2717444751379,476.274231270718
112,Florida,2004,9.516472522471888,25.96404494382031,0.6482978623595518,520.8142556179768,556.9430709466285
113,Florida,2005,8.6443595096953,27.013867036011128,0.5196247479224395,564.0615027700825,600.2393540637114
114,Florida,2006,8.51996240547944,29.191479452054857,0.39075961643835644,389.18460821917785,427.28680969315053
115,Florida,2007,6.136312015089166,28.464311385459574,0.6592847105624109,284.00619821673445,319.2661063278456
116,Florida,2008,5.214251262499985,27.827562499999978,0.5513394476562467,223.5211382812495,257.1142914914057
117,Florida,2009,6.0279421235631965,28.4743477011494,0.12143105890804574,337.61266091954025,372.2363818031609
118,Florida,2010,5.672489389972144,28.882025069637955,0.1477912367688019,394.0046949860722,428.7070006824511
119,Florida,2011,5.361869504109598,28.131008219178057,0.09644472876712325,433.69493013698775,467.2842525890425
120,Florida,2012,5.40692617759562,26.901896174863317,0.05960993715847,382.4623811475412,414.8308134371586
121,Florida,2013,4.5457268704225475,26.027166197183092,-0.02581982253521128,297.42501267605587,327.9720859211263
122,Florida,2014,4.9794516055555516,26.022286111111093,0.10933308749999984,457.5681458333335,488.6792166375002
123,Florida,2015,4.109642247863238,25.70759259259262,0.035066821937321975,514.1023974358968,543.95469909829
124,Florida,2016,5.492868956043958,29.2129230769231,0.39640819780219744,573.6684395604397,608.7706397912089
125,Georgia,2010,16.500656434782634,16.583521739130433,1.147945173913043,396.88919021739144,431.1213135652176
126,Georgia,2011,13.381185286501351,22.98624242424248,0.8936667575757552,331.72545041322303,368.9865448815426
127,Georgia,2012,11.583259458046767,22.031144429160964,0.4395215220082541,330.5437303988996,364.5976558081156
128,Georgia,2013,9.439669561959636,19.709374639769507,0.3217426945244974,297.99807492795355,327.4688618242072
129,Georgia,2014,10.429543384831451,20.054216292134875,0.359923981741575,313.541029494382,344.3847131530899
130,Georgia,2015,9.6730032427746,19.226491329479735,0.254999252890175,313.77710115606897,342.9315949812135
131,Georgia,2016,11.935326111111106,19.770380952380947,0.28865295238095234,317.16959523809544,349.1639552539684
132,Hawaii,2011,2.8897305512073213,27.078975853455454,0.9096265303913412,316.3531990008278,347.2315319358819
133,Hawaii,2012,2.8904910655375797,24.251660530191128,0.8715059756995587,384.63014248893865,412.6438000603669
134,Hawaii,2013,3.116694443798449,28.222939922480506,1.279402979651163,416.3854408914733,449.0044782374034
135,Hawaii,2014,3.4493033284313594,23.971549019607743,0.9861970571895421,337.6765526960814,366.08360210131
136,Hawaii,2015,3.5649830557163757,23.76297395079576,1.0550591360347397,389.9868415340053,418.36985767655216
137,Idaho,2009,6.337445621621625,34.15621621621626,0.2210766148648648,141.60641216216223,182.32115061486496
138,Idaho,2010,9.39700466944445,26.446447222222126,0.323219595833333,179.64315625000006,215.80982773749997
139,Idaho,2011,9.925650260869565,12.998608695652164,0.7152670869565216,272.311456521739,295.95098256521726
140,Illinois,2000,26.437457477272847,17.104860795454492,6.064269409801127,702.8934048295447,752.4999925120732
141,Illinois,2001,22.356801789574014,20.865881754609028,5.479874905276553,591.7895225683421,640.4920810178018
142,Illinois,2002,19.853930602250173,21.77759166115157,4.178522507279946,590.666702183984,636.4767469546656
143,Illinois,2003,20.68405669391311,20.922853913043554,5.027722805217389,512.7150547826076,559.3496881947816
144,Illinois,2004,18.81421912351944,20.636064297800335,4.125006906937381,577.7406785109999,621.315968839257
145,Illinois,2005,17.899080328621874,24.536261484098812,4.829198297703172,456.6029699646631,503.86751007508695
146,Illinois,2006,17.391594790235082,21.143596745027057,2.7122780189873374,371.33595840867974,412.58342796292925
147,Illinois,2007,14.50169326205606,23.4366661682244,1.6630271373831702,326.55055551401983,366.15194208168344
148,Illinois,2008,14.085935269324663,21.669790886899932,1.5833501574450806,275.4500345809614,312.7891108946311
149,Illinois,2009,13.417118030383994,20.62840066777968,1.4401344524206987,265.6580656093508,301.14371875993515
150,Illinois,2010,13.035390209780225,26.312210489014944,2.1081308430191377,347.1472069454287,388.602938487243
151,Illinois,2011,12.110594167196412,24.86672536554365,2.4854753919262498,340.2231068022873,379.6859017269536
152,Illinois,2012,11.954034387878833,27.684872727272637,1.1132748227272713,294.95801666666677,335.7101986045455
153,Illinois,2013,10.98377138412701,23.803281481481406,0.8788289349206346,292.0460137566149,327.711895557144
154,Illinois,2014,10.547532697025993,24.02569702602236,0.9828916459107809,300.02436059479675,335.5804819637559
155,Illinois,2015,8.380404258227822,25.771535021096952,1.184274210126581,302.5427059071729,337.87891939662427
156,Illinois,2016,10.374431642458113,25.01432960893851,0.9416912709497208,309.3167374301688,345.64718995251513
157,Indiana,2000,15.287580371257468,29.781718562874254,7.350800841317349,872.9743592814369,925.394459056886
158,Indiana,2001,14.947843544943792,32.15273033707864,3.313779028089887,382.7131657303376,433.1275186404499
159,Indiana,2002,16.39270371093748,35.50572656250006,3.5119717695312502,444.14628906250067,499.55669110546944
160,Indiana,2003,14.522778646067437,29.897033707865127,3.3911762837078623,442.21821910112556,490.029207738766
161,Indiana,2004,13.780555342657328,30.380405594405687,4.725999332167828,564.8289265734261,613.7158868426569
162,Indiana,2005,13.230630027173913,32.80651630434784,4.766601108695644,422.17621739130533,472.97996483152275
163,Indiana,2006,13.922752137931043,24.199563218390807,9.933532290229898,656.3206781609216,704.3765258074734
164,Indiana,2007,10.99442851841359,31.856643059490082,3.3991836784702563,448.7045212464587,494.9547765028326
165,Indiana,2008,9.288780684782612,28.749516304347722,2.465206429347825,419.6332228260875,460.13672624456564
166,Indiana,2009,10.135623790960464,25.930056497175137,1.5431601214689297,233.74955084745773,271.35839125706224
167,Indiana,2010,9.39229546938776,29.44995238095235,2.9859852891156455,164.23727210884334,206.0655052482991
168,Indiana,2011,9.906356070652182,33.770559782608686,1.3611319782608695,56.3294538043478,101.36750163586953
169,Indiana,2012,9.840462542483658,35.76250980392149,0.8448061470588235,400.79894117647075,447.2467196699347
170,Indiana,2013,10.359545698035161,28.500381592554323,2.1757260548086816,268.1474591520168,309.1831124974149
171,Indiana,2014,11.333617678481023,27.03470126582291,2.479835131645572,231.24612151898728,272.0942755949368
172,Indiana,2015,13.494140243609012,26.21149172932322,1.262985229323308,248.85166766917231,289.8202848714279
173,Indiana,2016,13.857478082474215,26.542319587628885,0.39297341237113415,244.7393453608247,285.53211644329895
174,Iowa,2006,8.230118000000003,16.32480645161291,0.4614989193548385,207.2039032258065,232.22032659677424
175,Iowa,2007,7.358557680306897,28.9389309462916,0.5532879795396431,254.28609335038277,291.1368699565209
176,Iowa,2008,7.458725873619597,27.269525153374268,0.4370092650306748,255.65465766871048,290.81991796073504
177,Iowa,2009,6.99674808020053,26.15857142857153,0.32478274937343354,240.86861278195454,274.34871504010005
178,Iowa,2010,7.497582681415918,28.708853350189617,0.38630941403287017,250.27920986093542,286.87195530657385
179,Iowa,2011,7.359249986679373,28.032132254995265,0.4967388458610849,206.70481065651674,242.59293174405246
180,Iowa,2012,7.57747048471223,29.349535971222913,0.422324200989208,215.38954946043035,252.7388801173547
181,Iowa,2013,6.7666955050504916,28.33460697887973,0.3992495569329667,201.39591276400517,236.89646480486834
182,Iowa,2014,6.348770536458271,26.64081597222237,0.416381745659723,203.26658072916908,236.67254898350944
183,Iowa,2015,6.0679104739583565,27.443917534722296,0.4011588897569422,208.16325868055893,242.07624557899652
184,Iowa,2016,5.994894780219794,30.60908241758231,0.19128403021977972,209.66417307692154,246.45943430494341
185,Kansas,2000,9.703852443089458,29.72557723577246,0.942815025745256,754.4122005420073,794.7844452466145
186,Kansas,2001,10.594909158176932,27.97798257372657,0.9931302044235929,334.6249048257368,374.1909267620639
187,Kansas,2002,8.77606315970057,27.315759825327582,1.562858779787899,392.605149095445,430.25983086026105
188,Kansas,2003,9.623070339901455,27.759985221674853,1.795816868637115,315.8252504105086,355.004122840722
189,Kansas,2004,9.540076842349297,24.33055023183922,2.0952714289026244,381.3784914992274,417.3443900023185
190,Kansas,2005,10.949590485362094,26.17121571648691,2.2111053181818154,383.8801263482278,423.2120378682586
191,Kansas,2006,11.178105495107646,27.626790606653596,3.2913566252446085,375.9224158512728,418.0186685782786
192,Kansas,2007,13.393603279452053,23.231536986301293,4.1964023698630175,422.2136205479443,463.03516318356066
193,Kansas,2008,16.807892210374636,22.085515850144088,4.0438180979827125,402.3550706051883,445.29229676368976
194,Kansas,2009,12.271639795321677,23.496339181286565,4.652079026315781,296.2093406432749,336.6293986461989
195,Kansas,2010,13.066675312865529,21.598385964912286,5.189308907894739,417.02650730994094,456.8808774956135
196,Kansas,2011,13.100770260000026,21.984428571428573,3.6189493357142886,451.4423471428561,490.14649530999895
197,Kansas,2012,12.065956740088133,28.823919236417005,2.808529079295158,510.6750770925104,554.3734821483107
198,Kansas,2013,11.859712665584398,25.20611688311693,2.043392454545444,435.78813474025833,474.8973567435051
199,Kansas,2014,11.030924596590891,25.18003977272726,1.7583278650568224,264.85516903409064,302.8244612684656
200,Kansas,2015,11.036150472346787,25.35690582959646,1.542131605381165,286.09980194319826,324.03498985052266
201,Kansas,2016,11.585219365714298,22.854857142857114,1.0845895657142848,252.64330285714288,288.16796893142856
202,Kentucky,2000,12.672254688986381,28.89588840102451,4.780632958470566,177.90749103549194,224.2562670839734
203,Kentucky,2001,12.55759945209434,30.2282989889264,4.064225925132407,130.81539046702045,177.6655148331736
204,Kentucky,2002,11.074694029259945,32.02080895008604,2.920047534423411,129.7920895008602,175.80764001462958
205,Kentucky,2003,10.843640384615368,32.97152834008101,3.5330672064777375,104.20246356275294,151.55069949392706
206,Kentucky,2013,14.10820124390243,15.32406097560976,1.4973032987804875,351.7634817073171,382.6930472256098
207,Kentucky,2014,11.438002149847108,20.481568807339425,1.457531481651376,261.3089755351677,294.68607797400557
208,Kentucky,2015,7.884836158031092,23.66171243523321,0.5511602487046625,270.79484455958544,302.89255340155444
209,Louisiana,2000,17.346074243169465,23.755950819672126,3.658712430327868,756.6461953551934,801.4069328483629
210,Louisiana,2001,17.35923877222225,22.977722222222265,3.691796738888884,825.7890902777773,869.8178480111106
211,Louisiana,2002,18.007522912917302,21.03772423802622,2.612759072568939,715.7975195936145,757.455525817127
212,Louisiana,2003,15.562502252777774,20.968977777777795,3.3623285555555644,661.954154166666,701.8479627527771
213,Louisiana,2004,15.816226016438339,22.231991780821918,3.4598764520547904,561.8260150684918,603.3341093178068
214,Louisiana,2005,14.399629534042566,25.39037872340433,3.76696081808511,470.6988744680856,514.2558435436176
215,Louisiana,2006,14.991752207161158,22.960393861892676,3.437757241687981,371.68491687979514,413.07482019053697
216,Louisiana,2007,15.199116918309839,22.392932394366152,2.574561514084507,381.69429295774796,421.8609037845085
217,Louisiana,2008,13.101188951049007,21.69476223776224,2.395542344055944,283.27226853146834,320.4637620643355
218,Louisiana,2009,12.875143473684165,22.424952908587244,1.9134634279778324,221.38746952908468,258.60102933933393
219,Louisiana,2010,12.698542830028297,25.29160339943342,1.3596249348441953,247.254865439093,286.60463660339894
220,Louisiana,2011,11.665706710743812,25.2339421487603,1.247419834710745,221.49750413223083,259.6445728264457
221,Louisiana,2012,11.400542943661996,24.979115492957686,0.8244011042253533,218.68265492957713,255.88671447042216
222,Louisiana,2013,9.64470509444445,23.653811111111057,0.635253729166667,204.01628749999992,237.95005743472208
223,Louisiana,2014,10.480869211480348,23.334157099697876,1.2450263338368568,266.7189350453171,301.7789876903322
224,Louisiana,2015,9.385910437241375,23.550808275862,1.0705288620689657,220.86940275862014,254.8766503337925
225,Louisiana,2016,12.911401631578949,26.846491228070146,1.1132564605263158,232.93776754386008,273.8089168640355
226,Maine,2006,2.336910172413789,26.2786965517241,0.8235399448275883,178.90318620689632,208.34233287586179
227,Maine,2007,2.800110227397269,26.452495890410965,0.7790631561643856,172.2276917808214,202.25936105479403
228,Maine,2008,5.859293306451626,23.85837275985665,1.2127995053763445,164.70165591397736,195.63212148566197
229,Maine,2009,6.676751896759611,23.04031348907308,1.82354757573474,206.4130979653341,237.95371092690152
230,Maine,2010,6.161710454579719,26.201762156049767,0.9401552966453057,252.70111421032786,286.00474211760263
231,Maine,2011,5.592793518441206,24.528900487125952,0.8144703646485698,232.71899930410575,263.6551636743215
232,Maine,2012,6.063861375348192,24.589704735376124,0.7577239397632335,285.6407649721432,317.0520550226307
233,Maine,2013,3.913772048730963,27.12493299492379,0.8383433725888317,222.12504162436525,254.00209004060883
234,Maine,2014,3.5835317119741092,24.984126213592134,0.5293181666666671,213.4846868932032,242.5816629854361
235,Maine,2015,5.0273536501479485,24.42151479289937,0.8553542174556227,246.40128180473334,276.7055044652363
236,Maine,2016,6.556909069930055,28.19673426573425,0.33263779370629387,299.6631433566433,334.7494244860139
237,Maryland,2006,11.530203601226999,33.1590061349693,3.9466608374233094,358.6237300613496,407.2596006349692
238,Maryland,2007,12.6861908710407,24.68521417797889,3.1987664419306183,377.0255637254915,417.5957352164417
239,Maryland,2008,12.61363599455335,23.615403050108945,2.8056360468409687,382.91480610021887,421.94948119172216
240,Maryland,2009,11.537441529780596,24.59554545454545,2.5025550172413786,464.28687304075163,502.9224150423191
241,Maryland,2010,13.066959928882444,28.36991872278667,2.1529911799709684,391.4707924528295,435.06066228446963
242,Maryland,2011,12.94889615015974,26.29611501597443,1.9809930255590973,300.6024233226833,341.8284275143766
243,Maryland,2012,10.183034609011665,25.613921511627844,1.1303751671511626,242.67264970930304,279.5999809970937
244,Maryland,2013,9.742784201607025,25.449509130752205,0.9568023469685902,224.1036464572684,260.2527421365962
245,Maryland,2014,6.948792606945172,28.035034222446,1.0650572546552586,196.49874433819994,232.54762842224636
246,Maryland,2015,7.42591533468149,28.049396865520794,0.8920482702224466,214.6477922143586,251.01515268478332
247,Maryland,2016,9.200685738805975,27.408578358208953,0.7271850970149257,248.3247462686556,285.66119546268544
248,Massachusetts,2001,24.048433761538412,19.1942307692308,5.902048490384625,297.7262576923078,346.87097071346165
249,Massachusetts,2002,22.54733016787532,22.27236994818682,4.557525230569953,396.30828911916916,445.68551446580125
250,Massachusetts,2003,22.49630990958904,19.212315068493123,6.004032995890408,618.627801369863,666.3404593438356
251,Massachusetts,2004,16.820704006349256,20.85825079365077,3.636952896825405,195.82897777777774,237.14488547460317
252,Massachusetts,2005,18.64907961318049,20.08034097421202,1.9711940243553026,271.64939828080196,312.3500128925498
253,Massachusetts,2006,18.676900436111037,17.63024166666662,2.4080049388888862,456.32503888888965,495.0401859305562
254,Massachusetts,2007,19.697182419889547,18.517331491712724,3.166704407458563,361.90705801104934,403.2882763301102
255,Massachusetts,2008,19.678690358904102,20.513361643835655,2.330869483561646,173.25902191780798,215.7819434041094
256,Massachusetts,2009,18.04838470914126,21.127415512465387,2.1267829418282562,286.53484626038767,327.8374294238226
257,Massachusetts,2010,17.05275001244811,22.201795297372012,1.5808720235131426,280.4197330567076,321.2551503900409
258,Massachusetts,2011,18.529944335164775,20.850771978022006,1.248917208791209,288.04926923076886,328.67890275274686
259,Massachusetts,2012,15.805084535564857,20.71585774058578,1.1012616492329135,277.38313110181247,315.005335027196
260,Massachusetts,2013,17.477490663366435,21.589364922206524,1.0711304285714291,273.2709398868458,313.4089259009902
261,Massachusetts,2014,15.571230801242251,21.383965838509276,1.0277057298136623,276.40229813664587,314.38520050621105
262,Massachusetts,2015,14.398738250774027,22.485863777089786,0.7164238699690397,273.7458869969038,311.34691289473665
263,Massachusetts,2016,15.82927339560442,23.563384615384624,0.6768586648351645,272.1208846153845,312.19040129120873
264,Michigan,2000,22.640060887955165,23.350182072829195,5.415251205882345,277.0012492997201,328.4067434663868
265,Michigan,2001,22.779874748299328,28.067523809523813,5.392707748299322,396.53027551020404,452.7703818163265
266,Michigan,2002,18.171084436260678,28.539566572238083,3.400670679886686,366.507628895184,416.6189505835694
267,Michigan,2003,17.560764142028994,27.21393333333326,2.992979671014496,398.4530246376803,446.22070178405704
268,Michigan,2004,14.568412212827946,25.909787172011736,2.386398387755101,354.1398061224488,397.0044038950436
269,Michigan,2005,15.670814585889543,29.73109815950924,2.6919049570552147,324.3605889570553,372.4544066595093
270,Michigan,2006,12.52517827556822,27.17342045454542,1.9067676434659042,314.7516278409091,356.3569942144887
271,Michigan,2007,8.125,21.0,2.3229165,229.167,260.6149165
272,Minnesota,2011,7.521111348432042,27.551158536585284,0.8922807961672462,214.675120209059,250.63967089024356
273,Minnesota,2012,6.409370177419357,35.08299999999998,0.3922276411290318,151.200258064516,193.08485588306436
274,Minnesota,2014,6.23165954040403,25.247356060606055,0.41520928787878775,251.82069065656597,283.71491554545486
275,Minnesota,2015,6.645456237226287,26.11510145985393,0.7046586452554756,283.03180802919684,316.4970243715325
276,Missouri,2000,16.872749911059547,27.760803557617958,4.145461887084285,522.0404810518166,570.8194964075784
277,Missouri,2001,17.243857965986418,29.46847392290251,4.293489820294791,494.7629897959164,545.7688115051001
278,Missouri,2002,17.38512719953048,28.731589201878,4.103031720657275,584.1095422535202,634.329290375586
279,Missouri,2003,16.529459207459205,28.808603729603714,3.6032317097902067,567.2352004661979,616.176495113051
280,Missouri,2004,13.870773632558082,25.585274418604598,3.4189968802325534,550.4802360465098,593.3552809779051
281,Missouri,2005,12.615151787878752,32.609044289044256,3.179018827505826,483.1221643356638,531.5253792400927
282,Missouri,2006,13.149854323943678,28.70296713615027,3.2980340328638493,416.24955868544674,461.40041417840456
283,Missouri,2007,12.82610670616114,31.56377725118494,3.436059853080567,414.6821184834122,462.5080622938388
284,Missouri,2008,12.108717339534868,28.429948837209274,2.8067672209302303,359.5528999999994,402.89833339767375
285,Missouri,2013,12.03847475510205,24.133250728862972,2.4882097842565614,258.56419387755045,297.22412914577205
286,Missouri,2014,11.834839902506964,25.086002785515387,2.130938194986071,254.71200835654574,293.76378923955417
287,Missouri,2015,13.109978697841774,20.68346043165465,1.3924375341726625,269.5259028776973,304.7117795413664
288,Missouri,2016,12.485846530612262,23.04571428571428,1.1153763775510206,323.1519081632652,359.7988453571428
289,Nevada,2001,5.876263130434789,30.838217391304422,0.2875264293478262,67.51649456521736,104.5185015163044
290,Nevada,2002,2.9950511350574707,41.216692528735656,0.061869807471264346,44.89013793103451,89.1637514022989
291,Nevada,2003,2.3455944277108407,41.38600602409628,0.013993472891566258,2.429478915662652,46.17507284036134
292,Nevada,2010,22.342166699999993,18.22939999999999,0.4304355,289.6734000000002,330.6754022000002
293,Nevada,2011,16.665880235616456,26.886372602739687,0.5022216835616442,295.88597397260196,339.9404484945197
294,Nevada,2012,14.147347522222251,31.57218888888892,0.37438249305555554,257.55990972222173,303.6538286263885
295,Nevada,2013,16.23553077101446,28.116846376811612,0.4997287318840572,305.98229999999955,350.83440587970966
296,Nevada,2014,13.541735445086722,31.490459537572146,0.37427555924855543,275.2459999999995,320.65247054190695
297,Nevada,2015,13.305497062003218,31.49623211446742,0.39295069872813987,268.5387058823529,313.7333857575517
298,Nevada,2016,17.42081515384616,22.641166666666663,0.37936950641025635,323.2206089743588,363.6619603012819
299,New Hampshire,2002,9.989336059782595,30.568168478260823,1.110621652173912,279.5155489130435,321.18367510326084
300,New Hampshire,2003,9.368332373563241,28.95131034482751,1.3233987298850582,336.5828333333338,376.2258747816096
301,New Hampshire,2004,9.768453239130428,26.89842391304342,2.3561168315217356,256.2356440217392,295.25863800543476
302,New Hampshire,2005,9.146547134328376,26.301293532338303,3.006628592039803,456.7639751243788,495.2184443830853
303,New Hampshire,2006,7.333276811428557,28.569491428571407,1.5190430171428582,349.45167428571426,386.8734855428571
304,New Hampshire,2007,7.621771135869574,28.604163043478327,1.244659494565216,459.5218668478257,496.99246052173885
305,New Hampshire,2008,7.219969087912101,27.778604395604418,1.3260550934065929,507.567282967033,543.8919115439561
306,New Hampshire,2009,8.225157850467287,22.29763177570092,1.4825220308411209,372.49145981308556,404.49677147009487
307,New Hampshire,2010,7.668570667910461,29.611966417910367,0.9733833320895546,442.15409888059736,480.4080192985077
308,New Hampshire,2014,4.442317022988509,25.634517241379314,0.913755327586206,189.9287816091956,220.91937120114963
309,New Hampshire,2015,3.3202604301676115,29.951354748603368,0.8291063086592195,183.941029329608,218.0417508170382
310,New Hampshire,2016,4.294245949152546,31.650966101694884,0.818882152542373,208.97485593220344,245.73895013559326
311,New Jersey,2000,20.5221819093445,20.28053277545327,6.277910829149231,584.8397656903758,631.9203912043228
312,New Jersey,2001,23.120570172264415,22.38785373781146,5.736811509209097,616.9852307692306,668.2304661885156
313,New Jersey,2002,24.074683953555862,23.180811320754657,5.427977851233672,583.8479985486206,636.5314716741648
314,New Jersey,2003,23.698987366412297,21.160725190839685,6.685170118320633,648.0552506361327,699.6001333117052
315,New Jersey,2004,19.240871952654242,21.933906743185013,5.605666237446187,518.0822525107602,564.8626974440457
316,New Jersey,2005,19.856827017760594,23.923578378378345,4.92306931737452,467.0705992277988,515.7740739413123
317,New Jersey,2006,17.475928888579418,24.464342618384453,3.9079021086350916,377.0193036211701,422.86747723676905
318,New Jersey,2007,18.006937571328194,24.164489107519383,3.657820973295852,286.54061138439897,332.3698590365424
319,New Jersey,2008,15.715290458955216,26.259660447761192,3.273721143656716,237.1200223880594,282.3686944384325
320,New Jersey,2011,21.035292152298826,22.285982758620715,1.9554864252873556,358.82982471264387,404.1065860488508
321,New Jersey,2012,15.60911432615892,25.578552980132464,1.1821660645695362,283.3600902317878,325.72992360264874
322,New Jersey,2013,15.236752999999963,24.27612205270444,0.5411560686546457,277.7091789181694,317.7632100395285
323,New Jersey,2014,16.08126917966571,23.692694986072404,0.590643168523676,279.19156337047417,319.55617070473596
324,New Jersey,2015,15.023080195918322,24.570387755101933,0.292289215646258,284.21984353741607,324.1056007040826
325,New Mexico,2011,13.406795132956153,32.71685289957569,0.40403363366336653,205.52209476661946,252.04977643281467
326,New Mexico,2012,13.742087632311994,31.96546796657381,0.6469370766016728,184.37641922005523,230.7309118955427
327,New Mexico,2013,11.770744002789387,33.06059414225942,0.789340518828451,214.93143654114422,260.5521152050215
328,New Mexico,2014,11.614180335187799,30.88337134909579,0.5355299916550765,220.87208136300416,263.9051630389428
329,New Mexico,2015,11.18275251988638,29.84992045454539,0.6866199644886364,229.498055397727,271.21734833664743
330,New York,2000,23.1671911774707,21.251528692879834,7.182328001594027,462.4690855472896,514.0701334192341
331,New York,2001,25.031920218513626,20.93624254561631,7.795533376724546,493.43594882064957,547.1996449615041
332,New York,2002,23.964214887710924,22.017362409638533,6.823424346987941,441.8202024096385,494.6252040539759
333,New York,2003,22.882432662291766,21.157818778394777,7.447009673902062,529.5775537607249,581.0648148753135
334,New York,2004,20.89026436152892,21.11687792848345,6.997804568927248,436.5447546239197,485.5497014828593
335,New York,2005,21.335947024497784,22.630218520333134,7.351623626653641,399.6898402743737,451.00762944585824
336,New York,2006,19.239111933253895,23.70131903059191,4.69935854827178,319.3869876837464,367.026777195864
337,New York,2007,18.541223912418463,23.019917647058808,4.960159861764724,366.19991013071274,412.72121155195475
338,New York,2008,16.704222550000022,24.348337499999843,4.54856282256945,315.404801388883,361.0059242614523
339,New York,2009,12.976843763190155,25.202734969325228,3.345175070245373,240.13863190183238,281.6633857045931
340,New York,2010,12.980506333598782,28.120914012738933,3.039181735668799,304.9239156050897,349.0645176870962
341,New York,2011,13.088026804234882,25.910588094286904,2.483608524370752,277.6308078306028,319.11303125349536
342,New York,2012,18.094765563611404,24.573976744185963,2.5156718166894647,343.4708255813967,388.6552397058835
343,New York,2013,17.91965873786402,24.628091539528437,1.8067857808599221,305.6751373092939,350.0296733675463
344,New York,2014,16.920592256302573,24.053095238095256,1.4327756841736676,274.94524369748,317.3517068760515
345,New York,2015,17.16599353867408,23.756726519336965,1.0049649689226547,261.8832589779015,303.8109440048352
346,New York,2016,17.847472824267797,23.971518828451917,1.0514274393305456,293.64390794978976,336.51432704184003
347,North Carolina,2000,15.173354588397789,34.65238950276241,3.6605650524861924,618.2475414364644,671.7338505801108
348,North Carolina,2001,13.85361430094045,33.746680250783776,3.2804240799373003,539.9078025078368,590.7885211394982
349,North Carolina,2002,12.26552098017623,37.1352819383259,2.7364961332599202,432.54522687224596,484.682525924008
350,North Carolina,2003,11.956116214043066,30.765832389580964,2.889653042468854,485.78629218572945,531.3978938318223
351,North Carolina,2004,10.630065490430601,30.785011961722528,2.369893836124398,429.90489952153035,473.68987080980787
352,North Carolina,2005,12.433632451162758,32.03882790697675,2.1561983906976736,517.7355674418596,564.3642261906969
353,North Carolina,2006,12.285188430555568,32.401222222222316,2.6581683935185216,403.5735486111108,450.91812765740724
354,North Carolina,2007,13.916445365013692,29.454453168044033,2.9402462073002766,375.2893650137738,421.60050975413185
355,North Carolina,2008,11.20820337190089,28.04935537190092,2.0702668746556494,322.85143663911754,364.179262257575
356,North Carolina,2009,9.851958402857155,25.92146571428568,0.802151499999999,293.876041428571,330.4516170457138
357,North Carolina,2010,11.689251356741574,28.40465730337063,0.9044115351123624,328.66650421348294,369.6648244087075
358,North Carolina,2011,9.9951739226442,29.280112517580985,0.5708105450070311,338.9694142053429,378.81551119057514
359,North Carolina,2012,8.671511397727276,28.014240259740063,0.23376943749999915,280.4061826298695,317.3257037248368
360,North Carolina,2013,8.482232184659129,25.43567329545449,0.2538279133522726,288.644733664773,322.8164670582389
361,North Carolina,2014,7.744522128651322,26.798354257302726,0.3319869900559366,269.44820696084656,304.3230703368565
362,North Carolina,2015,6.945403845499622,26.819333097094177,0.27141563465627266,258.9398972360037,292.9760498132537
363,North Carolina,2016,7.4712138382978734,29.335038297872316,0.23583964468085125,247.23610425531862,284.2781960361697
364,North Dakota,2008,5.3477361690962235,24.832457725947442,0.19270831778425654,173.17455685131142,203.54745906413933
365,North Dakota,2009,4.921614116343481,25.200299168975132,0.267746181440443,165.74422160664722,196.13388107340626
366,North Dakota,2010,5.418301605479465,26.45503287671228,0.281607457534247,171.8779232876708,204.0328652273968
367,North Dakota,2011,4.477427017441871,25.588098837209294,0.27706504796511566,165.14726598837154,195.48985689098782
368,North Dakota,2012,4.581983247252721,25.031936813186817,0.2248054945054945,174.15960164835107,203.9983272032961
369,North Dakota,2013,4.762328991999997,29.30984399999998,0.2160618260000002,155.5206759999996,189.8089108179996
370,North Dakota,2014,4.481842769105692,27.108730081300806,0.15634254227642283,161.114359349593,192.86127474227592
371,North Dakota,2015,4.2990242674772245,24.690896656534964,0.12183230395136774,171.79530243161042,200.90705565957398
372,North Dakota,2016,4.671009923076932,25.867692307692288,0.24749544505494528,185.92069780219816,216.70689547802232
373,Ohio,2009,4.50915114071857,28.097691616766383,2.7282798727544932,336.2772365269461,371.61235915718555
374,Ohio,2010,5.079082437158467,38.08820765027315,1.4739800683060122,322.60916120218553,367.25043135792316
375,Ohio,2011,14.719710548501729,24.95075215845626,4.610093956830879,284.70554393092823,328.9861005947171
376,Ohio,2012,13.829280486876629,23.369489501312284,3.110030160761163,277.1736692913391,317.48246944028915
377,Ohio,2013,12.638240598859287,23.42930703422054,2.315379180608368,242.90124429658053,281.28417111026874
378,Ohio,2014,12.016027368129357,23.705387066974595,2.262784156581995,248.4572394919192,286.44143808360514
379,Ohio,2015,12.478634697078405,23.92558585340847,2.2220453856996407,270.0671330087157,308.69339894490224
380,Ohio,2016,9.760795330555565,25.508180555555576,1.6869930083333369,278.65674305555524,315.6127119499997
381,Oklahoma,2000,4.770656379182161,37.324507434944195,0.8520764553903354,47.97740148698887,90.92464175650557
382,Oklahoma,2001,8.271933951394404,34.31609083665341,1.0042250478087629,33.36790996015929,76.96015979601586
383,Oklahoma,2002,6.610263726384361,31.258792616720918,1.0158369728555905,60.06782464712246,98.95271796308333
384,Oklahoma,2003,6.296427039007111,35.48825886524826,1.0501872535460983,42.236546690307364,85.07141984810883
385,Oklahoma,2004,5.396609140934294,32.47035312747431,0.9094590989707021,15.515440221694472,54.291861589073775
386,Oklahoma,2005,8.13478026585366,33.96279024390247,0.4126972878048778,16.906630487804893,59.41689828536589
387,Oklahoma,2006,7.8733028659003645,30.522582375479004,1.9068094252873569,112.29207088122605,152.5947655478928
388,Oklahoma,2007,7.787240848594752,26.173961922030795,0.6539768912058035,206.99953445149586,241.6147141133272
389,Oklahoma,2008,6.230807606321843,26.591767241379248,0.5917958721264369,152.3881774425285,185.80254816235603
390,Oklahoma,2009,6.454745428571412,28.389079957356056,0.6540591551172729,218.55865458422087,254.0565391252656
391,Oklahoma,2010,6.441627653771769,29.254605415860738,0.793962387814311,217.8528022243707,254.3429976818175
392,Oklahoma,2011,6.743543981755994,35.8186499429875,0.8421996271379689,228.10067787913542,271.50507143101686
393,Oklahoma,2012,6.482661610328666,32.623923122065904,0.4582978750000003,168.74380311032903,208.3086857177236
394,Oklahoma,2013,6.744320405817171,30.170722991689672,0.34730523545706377,172.4958303324099,209.75817896537382
395,Oklahoma,2014,6.0227435988023945,29.89889071856286,0.1692734401197608,157.0943330838328,193.1852408413178
396,Oklahoma,2015,7.805979408988764,26.096294382022638,0.693180137078651,239.57214044943817,274.1675943775282
397,Oklahoma,2016,8.125384904109598,25.68779452054795,1.4898447945205473,277.5481917808218,312.8512159999999
398,Oregon,2007,11.425320463203457,17.612108225108308,1.1652148636363648,330.53055844155824,360.7332019935064
399,Oregon,2008,10.95249708841465,19.139314024390234,0.9716905564024407,336.2149557926833,367.27845746189064
400,Oregon,2009,10.359543484149873,19.25165129682991,1.6073562622478352,324.4238429394809,355.6423939827085
401,Oregon,2010,9.054466978082166,19.020553424657574,1.338063201369862,324.4661986301368,353.8792822342464
402,Oregon,2011,9.132214090062119,18.564717391304335,0.7425561102484463,336.89557142857035,365.33505902018527
403,Oregon,2012,9.063791746913585,21.104802469135805,0.6284328317901247,296.1488842592587,326.9459113070982
404,Oregon,2013,9.730130672672683,17.59111111111108,1.0765544954954958,292.2472357357347,320.64503201501395
405,Oregon,2014,8.553654308845566,20.88637781109446,0.8413214002998489,242.34000149924978,272.62135501948967
406,Oregon,2015,9.187567528767092,19.680350684931494,0.4662645260273974,275.1505698630138,304.4847526027398
407,Pennsylvania,2000,16.130557786367028,24.540702556158216,5.154716495584793,302.5496960495742,348.37567288768423
408,Pennsylvania,2001,15.96563053802421,27.188432785374037,5.269352699032093,320.83088938392945,369.2543054063598
409,Pennsylvania,2002,14.585166641840281,28.253973774913856,5.051256175558207,260.63189614866167,308.522292740974
410,Pennsylvania,2003,14.06098984939209,25.34669878419444,4.913716502659562,266.11442477203553,310.4358299082816
411,Pennsylvania,2004,13.626997859384405,24.40713050694052,4.591875559067577,326.30518964996776,368.9311935753602
412,Pennsylvania,2005,13.449164729733788,27.74932235879426,5.491304976148657,213.49479060579412,260.18458267047083
413,Pennsylvania,2006,12.460241873918253,27.40702595797256,5.0030288249553925,231.31111962642328,276.18141628326947
414,Pennsylvania,2007,12.142219613172001,28.704102822580708,5.170531890322562,238.0835786962391,284.1004330223144
415,Pennsylvania,2008,11.101861499021652,27.023814529802785,3.9792499131994195,184.91549100039308,227.02041694241694
416,Pennsylvania,2009,10.6518208836627,25.312007236292615,3.5445857933481686,235.36362468689185,274.8720386001953
417,Pennsylvania,2010,10.94291599555006,28.052498393078064,2.9196113426452572,268.2953156983943,310.21034142966766
418,Pennsylvania,2011,11.238375840566565,24.840284002179057,2.1361014839295467,231.96090294171037,270.17566426838556
419,Pennsylvania,2012,11.092222734551365,24.558109260254128,2.190938877216549,222.5392241626376,260.38049503465965
420,Pennsylvania,2013,9.623867809705315,24.817554072790184,2.100690687868296,166.30085788561698,202.84297045598078
421,Pennsylvania,2014,9.266645783291748,26.065943890274355,2.254288904239402,189.98169201995162,227.56857059775712
422,Pennsylvania,2015,6.997646953524609,27.685623518402963,1.3503994457267645,173.2895254210859,209.32319533874022
423,Pennsylvania,2016,7.415981063157899,27.91888571428576,1.0580259293233072,94.98146691729299,131.37435962405996
424,Rhode Island,2011,5.383758893939392,30.740999999999964,0.16170763636363653,190.79410227272737,227.08056880303036
425,Rhode Island,2012,6.288014812133078,31.461733855185845,0.6513003933463781,219.47283561643792,257.8738846771032
426,Rhode Island,2013,7.559365497175131,29.8939237288137,0.6920374844632766,223.64633615819207,261.79166286864415
427,Rhode Island,2014,7.303875299860515,29.158567642956783,0.6172900097628996,229.03997768479704,266.11971063737724
428,Rhode Island,2015,7.640185122222213,29.185163888888876,0.3330224111111119,231.6014569444437,268.7598283666659
429,Rhode Island,2016,7.740604504132238,32.33368595041319,0.3658904958677689,234.15871900826508,274.59889995867826
430,South Carolina,2003,2.355526345454541,32.03885454545459,0.7008374045454544,260.56556818181815,295.6607864772727
431,South Carolina,2006,2.0479737068965496,33.52768965517246,1.2169430718390792,144.34892528735583,181.1415317212639
432,South Carolina,2007,2.030434320132013,32.38223432343229,0.8810214438943899,130.8132326732669,166.10692276072558
433,South Carolina,2008,1.7397764643962852,30.829743034055767,0.8244518421052629,127.65559752321879,161.0495688637761
434,South Carolina,2009,1.450361574394462,28.97945674740483,0.5427266782006933,66.2947923875431,97.26733738754308
435,South Carolina,2010,1.4259290818965524,32.57925862068965,0.6528509504310347,86.61570043103447,121.27373908405171
436,South Carolina,2016,9.31217068965516,29.760551724137947,0.23128932758620688,158.05722413793106,197.36123587931036
437,South Dakota,2011,6.187938959097303,30.389317348377944,0.43378950775740405,190.5393892806769,227.55043509590953
438,South Dakota,2012,6.237231801369868,31.63196438356168,0.4767846363013689,192.36813561643788,230.71411643767078
439,South Dakota,2013,4.065520119885119,31.06974946159359,0.42917289770279643,163.6868686288609,199.25131110804242
440,South Dakota,2014,5.041007641350209,31.174499296765102,0.7045552025316449,187.65247538677846,224.57253752742542
441,South Dakota,2015,4.731271003252032,24.08431382113821,0.3654825406504074,194.65870569105604,223.8397730560967
442,Tennessee,2002,3.08569240821918,33.871802739725986,1.2277952739726,1000.0,1038.1852904219177
443,Tennessee,2003,4.821396421568629,34.20176470588236,1.309253348039216,1000.0,1040.3324144754902
444,Tennessee,2008,1.250008350282484,35.08462711864401,1.3559292655367234,205.31837288135617,243.00893761581938
445,Tennessee,2009,0.7605121170886076,38.652490506329066,0.6942489620253228,163.78347943037886,203.89073101582187
446,Tennessee,2010,0.8958425559566805,44.34198916967497,0.8818676046931411,178.7712382671477,224.8909375974725
447,Tennessee,2015,0.7755725399568039,37.54858963282933,0.10159327645788312,167.21855291576634,205.64430836501035
448,Tennessee,2016,1.011591173913044,37.96459006211183,0.1368034689440994,186.19083850931727,225.30382321428624
449,Texas,2000,16.346747500994017,24.589549204771405,2.726069095675944,436.66817147117473,480.3305372726161
450,Texas,2001,16.241309458959492,25.967206936416297,1.7270888770712878,384.69137456647445,428.62697983892156
451,Texas,2002,16.09399855229081,28.803292330677166,0.36111101568725046,340.581887450199,385.84028934885424
452,Texas,2003,15.609971177159672,27.017634333821537,2.0365091941800846,460.08298901903254,504.74710372419383
453,Texas,2004,13.785695002874617,24.73440352137971,2.010291317103843,343.8015738411766,384.33196368253476
454,Texas,2005,13.879088825776531,27.121767940021172,2.2697776960014275,314.7234005712237,357.99403503302284
455,Texas,2006,13.523946258084814,25.674212244897873,1.8484827792778622,262.1536309262165,303.2002722084771
456,Texas,2007,13.107004495880556,24.283041194644692,1.2479192559217287,229.21194953655746,267.84991448300445
457,Texas,2008,10.624742532339297,24.72001047753381,0.7728803574450965,224.06947551883056,260.18710888614874
458,Texas,2009,8.671117821718283,23.98075785313119,0.6684406135843529,200.13256875389592,233.45288504232974
459,Texas,2010,10.823314394742109,25.233743079068006,0.8289956869149584,228.1135470025811,264.9996001633062
460,Texas,2011,10.374971843638876,27.571723532028308,0.6344638368549779,198.4267882562181,237.00794746874024
461,Texas,2012,10.31644528457504,27.163398530954694,0.5638771177334692,182.51485414479623,220.55857507805945
462,Texas,2013,9.571832681389168,26.478036865538947,0.38636808459483635,175.51323161174656,211.9494692432695
463,Texas,2014,9.534497269022216,25.291486446064656,0.32398238801645407,178.3381567582628,213.48812286136615
464,Texas,2015,9.252532879310294,24.90359157716225,0.2583059338609384,207.62916153192919,242.04359192226266
465,Texas,2016,10.357078990476175,26.514834285714343,0.3216947799999995,227.26722000000314,264.46082805619363
466,Utah,2011,18.20191779501382,27.01141828254845,0.9578963753462582,346.0753171745153,392.24654962742386
467,Utah,2012,8.553960392510389,36.994091539528505,0.22075977531206714,377.31757628294,423.086387990291
468,Utah,2013,12.847583547283788,34.55843460764597,0.27509715694164977,331.8700985915495,379.5512139034209
469,Utah,2014,14.296005786624239,27.41368152866229,0.4842702101910827,328.7886162420373,370.9825737675149
470,Utah,2015,16.98169298023717,27.733814229248978,0.25112183596837956,360.3385652173915,405.305194262846
471,Utah,2016,31.515873142857128,13.307619047619049,0.6617261666666667,515.1339999999999,560.6192183571427
472,Virginia,2000,17.915558894736904,22.60862175962284,9.042594210133542,644.4279135899457,693.9946884544389
473,Virginia,2006,13.026680567967103,25.570743737166463,3.9241712917864446,470.99621026694075,513.5178058638608
474,Virginia,2007,11.786961742120349,29.76913753581654,3.8227723920725833,436.69014995224563,482.0690216222551
475,Virginia,2008,9.988765413111329,26.879800728407922,2.9812686272112376,348.5645088449544,388.4143436136849
476,Virginia,2009,11.938866516579415,26.45143979057593,2.6542200890052414,322.8098490401399,363.8543754363005
477,Virginia,2010,10.016854248538,34.726900584795196,1.4803340657894721,118.49147953216354,164.71556843128621
478,Virginia,2011,7.925899977813004,33.1635372424722,0.6147287321711563,289.20982171156817,330.91398766402455
479,Virginia,2012,7.994418603857555,31.05734272997039,0.5689378241839768,250.41582492581483,290.03652408382675
480,Virginia,2013,7.044391261904766,27.440159090909166,0.5374829853896124,265.80988041125386,300.8319137494574
481,Virginia,2014,5.253935297297296,29.965174880763033,0.5802864825119245,260.72070826708966,296.5201049276619
482,Virginia,2015,5.4428425258397795,29.290275193798347,0.38769870090439107,267.7839709302298,302.9047873507724
483,Virginia,2016,10.320662866666662,22.907900000000016,0.5506167166666669,291.8260166666666,325.60519624999995
484,Washington,2013,11.611419756756764,15.162108108108097,1.0791548108108107,181.3886216216215,209.24130429729718
485,Washington,2014,8.86268676190476,29.978190476190484,0.26370826190476176,208.3429761904761,247.4475616904761
486,Washington,2015,9.67258483333332,21.468494047619032,0.8137348839285707,203.47927976190485,235.43409352678577
487,Washington,2016,14.73053810344828,15.90124137931035,0.20271648275862056,274.3267413793102,305.16123734482744
488,Wisconsin,2006,14.7652431034483,23.081554597701093,2.625670935344824,353.59729166666955,394.0697603031638
489,Wisconsin,2007,17.253054774193544,15.142419354838694,2.4937418225806454,314.8375483870966,349.7267643387095
490,Wyoming,2007,1.7338185817174512,40.41620498614957,1.0227835249307489,166.72266481994433,209.8954719127421
491,Wyoming,2008,2.2701783826366615,39.81748874598068,0.5443959228295822,66.05486816720254,108.68693121864946
492,Wyoming,2011,4.168865709030102,37.89019063545155,0.16421362374581844,123.08288405797116,165.3061540261986
493,Wyoming,2012,3.9003479291666583,37.04996249999995,0.2786480902777781,211.28074861111153,252.5097071305559
494,Wyoming,2013,4.13689399860531,39.27690655509063,0.20484122524407197,52.76451882845208,96.3831606073921
495,Wyoming,2014,2.993313720368229,37.302980437284226,0.21762683831990862,27.999284234752686,68.51320523072505
496,Wyoming,2015,3.044855312906224,36.615062209842236,0.24692582451253448,46.245135561745606,86.1519789090066
497,Wyoming,2016,3.425564388888893,39.14851111111106,-0.03359571666666666,92.47769444444468,135.01817422777796
